날짜,종가,오픈,고가,저가,거래량,변동 %
2021년 04월 18일,0.008024,0.009148,0.009203,0.006989,175.51B,-12.44%
2021년 04월 17일,0.009164,0.007717,0.010862,0.007715,416.60B,18.74%
2021년 04월 16일,0.007718,0.008203,0.008382,0.007192,144.43B,-5.82%
2021년 04월 15일,0.008195,0.007642,0.008647,0.007421,153.62B,7.26%
2021년 04월 14일,0.007641,0.00814,0.008159,0.007039,131.85B,-6.18%
2021년 04월 13일,0.008144,0.007978,0.008572,0.007564,124.35B,2.13%
2021년 04월 12일,0.007974,0.00844,0.00858,0.007912,84.23B,-5.49%
2021년 04월 11일,0.008437,0.008574,0.008941,0.007864,126.37B,-1.63%
2021년 04월 10일,0.008577,0.009119,0.00912,0.008101,112.57B,-5.95%
2021년 04월 09일,0.00912,0.009685,0.00995,0.008788,97.69B,-5.83%
2021년 04월 08일,0.009685,0.007914,0.009853,0.007847,179.17B,22.49%
2021년 04월 07일,0.007907,0.009746,0.010227,0.007486,225.18B,-18.86%
2021년 04월 06일,0.009744,0.010172,0.011131,0.008267,300.16B,-4.29%
2021년 04월 05일,0.01018,0.010237,0.013394,0.009743,378.37B,-0.55%
2021년 04월 04일,0.010237,0.006942,0.010507,0.006766,334.67B,47.47%
2021년 04월 03일,0.006942,0.006915,0.007637,0.006318,297.02B,0.42%
2021년 04월 02일,0.006913,0.005282,0.006997,0.00519,220.11B,30.92%
2021년 04월 01일,0.00528,0.005075,0.00572,0.004863,172.36B,4.05%
2021년 03월 31일,0.005074,0.004601,0.005436,0.004447,334.96B,10.29%
2021년 03월 30일,0.004601,0.003758,0.004719,0.003719,280.60B,22.44%
2021년 03월 29일,0.003758,0.003613,0.00394,0.003518,132.44B,4.02%
2021년 03월 28일,0.003613,0.003788,0.003788,0.003521,108.80B,-4.64%
2021년 03월 27일,0.003788,0.003552,0.0041,0.003377,262.44B,6.85%
2021년 03월 26일,0.003545,0.003148,0.00362,0.003143,154.46B,12.61%
2021년 03월 25일,0.003148,0.003171,0.003306,0.002981,102.29B,-0.70%
2021년 03월 24일,0.003171,0.003073,0.003707,0.002963,204.05B,3.07%
2021년 03월 23일,0.003076,0.003258,0.003379,0.002928,137.62B,-5.63%
2021년 03월 22일,0.00326,0.003635,0.003686,0.003108,167.56B,-9.86%
2021년 03월 21일,0.003616,0.002865,0.003875,0.002806,273.77B,26.56%
2021년 03월 20일,0.002857,0.002355,0.003926,0.002355,568.88B,21.64%
2021년 03월 19일,0.002349,0.001638,0.002517,0.00163,376.52B,43.38%
2021년 03월 18일,0.001638,0.001651,0.001678,0.00159,138.09B,-0.74%
2021년 03월 17일,0.001651,0.001619,0.001726,0.001541,152.22B,1.97%
2021년 03월 16일,0.001619,0.001624,0.001641,0.00153,169.97B,-0.31%
2021년 03월 15일,0.001624,0.001683,0.001797,0.001549,158.43B,-3.54%
2021년 03월 14일,0.001683,0.001692,0.00189,0.001578,214.24B,-0.52%
2021년 03월 13일,0.001692,0.001314,0.001992,0.001297,320.71B,28.82%
2021년 03월 12일,0.001314,0.001389,0.001395,0.001282,147.96B,-5.39%
2021년 03월 11일,0.001389,0.001426,0.001434,0.001354,76.02B,-2.60%
2021년 03월 10일,0.001426,0.00134,0.001554,0.001291,162.64B,6.49%
2021년 03월 09일,0.001339,0.00129,0.001374,0.001264,171.11B,3.79%
2021년 03월 08일,0.00129,0.00125,0.001388,0.001221,138.30B,3.22%
2021년 03월 07일,0.00125,0.00123,0.001265,0.001222,162.24B,1.60%
2021년 03월 06일,0.00123,0.001232,0.00127,0.001195,71.80B,-0.18%
2021년 03월 05일,0.001232,0.0012,0.001248,0.001141,212.98B,2.70%
2021년 03월 04일,0.0012,0.001234,0.001269,0.001162,127.55B,-2.82%
2021년 03월 03일,0.001234,0.00121,0.00127,0.001189,217.15B,2.01%
2021년 03월 02일,0.00121,0.001249,0.001272,0.001167,88.10B,-3.09%
2021년 03월 01일,0.001249,0.001143,0.00126,0.001135,198.78B,9.25%
2021년 02월 28일,0.001143,0.00126,0.001269,0.001045,188.97B,-9.28%
2021년 02월 27일,0.00126,0.001271,0.001337,0.001242,178.32B,-0.87%
2021년 02월 26일,0.001271,0.001322,0.00136,0.00122,138.95B,-3.84%
2021년 02월 25일,0.001322,0.001432,0.001483,0.001314,159.53B,-7.70%
2021년 02월 24일,0.001432,0.001367,0.001534,0.001309,229.33B,4.77%
2021년 02월 23일,0.001367,0.001686,0.001699,0.001056,260.85B,-18.92%
2021년 02월 22일,0.001686,0.00174,0.001973,0.001384,249.70B,-3.05%
2021년 02월 21일,0.001739,0.001489,0.001873,0.001431,315.84B,16.79%
2021년 02월 20일,0.001489,0.001429,0.001833,0.001387,286.98B,4.47%
2021년 02월 19일,0.001425,0.001258,0.001582,0.001235,209.07B,13.34%
2021년 02월 18일,0.001257,0.001211,0.001284,0.001201,99.18B,3.85%
2021년 02월 17일,0.001211,0.001179,0.001374,0.001114,216.39B,2.83%
2021년 02월 16일,0.001177,0.001111,0.00126,0.001087,121.97B,5.99%
2021년 02월 15일,0.001111,0.001139,0.001225,0.00095,246.77B,-2.48%
2021년 02월 14일,0.001139,0.001242,0.001251,0.001083,164.74B,-8.26%
2021년 02월 13일,0.001242,0.001262,0.001299,0.001139,146.44B,-1.59%
2021년 02월 12일,0.001262,0.001196,0.001424,0.001196,140.22B,5.48%
2021년 02월 11일,0.001196,0.001126,0.001214,0.001091,251.32B,5.98%
2021년 02월 10일,0.001129,0.001214,0.001298,0.001028,159.96B,-6.82%
2021년 02월 09일,0.001211,0.001066,0.001991,0.001063,832.83B,13.64%
2021년 02월 08일,0.001066,0.000499,0.001512,0.000498,722.27B,113.47%
2021년 02월 07일,0.000499,0.000463,0.000523,0.000449,291.57B,7.81%
2021년 02월 06일,0.000463,0.000477,0.000479,0.000446,353.61B,-2.80%
2021년 02월 05일,0.000477,0.000434,0.000481,0.000431,319.10B,9.69%
2021년 02월 04일,0.000434,0.000457,0.00046,0.000423,252.43B,-4.83%
2021년 02월 03일,0.000457,0.000431,0.000497,0.000418,369.48B,5.82%
2021년 02월 02일,0.000431,0.000382,0.000448,0.000378,350.95B,13.08%
2021년 02월 01일,0.000382,0.000382,0.000392,0.000372,289.28B,0.00%
2021년 01월 31일,0.000382,0.000382,0.000404,0.000373,221.98B,0.00%
2021년 01월 30일,0.000382,0.000391,0.000393,0.000373,263.47B,-2.46%
2021년 01월 29일,0.000391,0.000371,0.000443,0.000365,328.22B,5.41%
2021년 01월 28일,0.000371,0.000337,0.000374,0.000336,257.67B,9.97%
2021년 01월 27일,0.000338,0.000362,0.000362,0.000333,255.56B,-6.62%
2021년 01월 26일,0.000362,0.000363,0.000372,0.000353,202.22B,-0.49%
2021년 01월 25일,0.000363,0.000377,0.000388,0.00036,109.34B,-3.51%
2021년 01월 24일,0.000377,0.000355,0.000403,0.000354,104.53B,6.10%
2021년 01월 23일,0.000355,0.000343,0.00036,0.000339,79.14B,3.38%
2021년 01월 22일,0.000343,0.000333,0.000348,0.000319,262.36B,3.09%
2021년 01월 21일,0.000333,0.000364,0.000365,0.000331,285.50B,-8.46%
2021년 01월 20일,0.000364,0.000372,0.000376,0.00035,184.06B,-2.18%
2021년 01월 19일,0.000372,0.00037,0.000402,0.000362,260.35B,0.64%
2021년 01월 18일,0.00037,0.00036,0.00037,0.000355,271.60B,2.77%
2021년 01월 17일,0.00036,0.000365,0.000367,0.000345,431.35B,-1.41%
2021년 01월 16일,0.000365,0.000351,0.000378,0.00035,124.29B,3.78%
2021년 01월 15일,0.000351,0.000365,0.00037,0.000337,129.77B,-3.67%
2021년 01월 14일,0.000365,0.000365,0.000367,0.000348,160.61B,0.00%
2021년 01월 13일,0.000365,0.000352,0.000365,0.000344,158.19B,3.54%
2021년 01월 12일,0.000352,0.000353,0.000373,0.000339,319.04B,-0.31%
2021년 01월 11일,0.000353,0.000428,0.000429,0.000317,238.84B,-17.46%
2021년 01월 10일,0.000428,0.00041,0.000454,0.000372,153.89B,4.45%
2021년 01월 09일,0.00041,0.000333,0.00053,0.000332,222.21B,23.28%
2021년 01월 08일,0.000333,0.000333,0.000334,0.000315,249.62B,0.00%
2021년 01월 07일,0.000333,0.000324,0.000349,0.000319,400.67B,2.58%
2021년 01월 06일,0.000324,0.00031,0.000334,0.000306,338.67B,4.59%
2021년 01월 05일,0.00031,0.000314,0.000315,0.00029,196.05B,-1.28%
2021년 01월 04일,0.000314,0.000313,0.000334,0.000292,192.12B,0.38%
2021년 01월 03일,0.000313,0.000337,0.00034,0.00031,302.43B,-7.25%
2021년 01월 02일,0.000337,0.000294,0.000359,0.000288,187.76B,14.87%
2021년 01월 01일,0.000294,0.000288,0.000294,0.000287,175.75B,1.78%
2020년 12월 31일,0.000288,0.000294,0.000294,0.000282,208.77B,-1.77%
2020년 12월 30일,0.000294,0.000291,0.000294,0.000282,209.94B,1.05%
2020년 12월 29일,0.000291,0.0003,0.000303,0.000283,195.83B,-3.25%
2020년 12월 28일,0.0003,0.000298,0.000308,0.000296,317.83B,0.95%
2020년 12월 27일,0.000298,0.0003,0.000308,0.000287,214.37B,-0.93%
2020년 12월 26일,0.0003,0.000307,0.000308,0.000296,232.56B,-2.28%
2020년 12월 25일,0.000307,0.000301,0.000311,0.000297,89.17B,2.15%
2020년 12월 24일,0.000301,0.000276,0.000303,0.000272,298.50B,8.82%
2020년 12월 23일,0.000277,0.00032,0.000321,0.000271,170.35B,-13.50%
2020년 12월 22일,0.00032,0.00032,0.000323,0.000308,212.60B,0.00%
2020년 12월 21일,0.00032,0.000337,0.000341,0.000319,208.87B,-4.88%
2020년 12월 20일,0.000337,0.00034,0.000346,0.00033,159.85B,-0.89%
2020년 12월 19일,0.00034,0.000332,0.000341,0.000329,79.78B,2.36%
2020년 12월 18일,0.000332,0.000327,0.000335,0.000324,211.66B,1.29%
2020년 12월 17일,0.000327,0.00034,0.000342,0.000326,295.66B,-3.77%
2020년 12월 16일,0.00034,0.000324,0.000341,0.000321,148.65B,5.21%
2020년 12월 15일,0.000323,0.000334,0.000335,0.000323,61.72B,-3.27%
2020년 12월 14일,0.000334,0.00032,0.00034,0.000315,81.42B,4.58%
2020년 12월 13일,0.00032,0.000316,0.000325,0.000316,37.98B,1.31%
2020년 12월 12일,0.000316,0.000305,0.00032,0.000305,106.82B,3.33%
2020년 12월 11일,0.000305,0.000313,0.000314,0.000303,138.33B,-2.56%
2020년 12월 10일,0.000313,0.000326,0.000327,0.000311,86.95B,-3.98%
2020년 12월 09일,0.000326,0.000321,0.000328,0.000308,162.72B,1.54%
2020년 12월 08일,0.000322,0.000332,0.000336,0.000316,112.06B,-3.01%
2020년 12월 07일,0.000332,0.000345,0.000345,0.00033,104.57B,-4.01%
2020년 12월 06일,0.000345,0.000344,0.00035,0.000335,97.06B,0.53%
2020년 12월 05일,0.000344,0.000324,0.000349,0.000322,118.95B,5.91%
2020년 12월 04일,0.000324,0.000344,0.000345,0.000322,115.73B,-5.66%
2020년 12월 03일,0.000344,0.000345,0.000347,0.000338,101.25B,-0.47%
2020년 12월 02일,0.000346,0.000341,0.000351,0.000336,115.25B,1.22%
2020년 12월 01일,0.000341,0.00038,0.000384,0.000325,267.74B,-10.10%
2020년 11월 30일,0.00038,0.000318,0.000413,0.000313,123.27B,19.27%
2020년 11월 29일,0.000318,0.000318,0.000325,0.000314,176.06B,0.26%
2020년 11월 28일,0.000318,0.000312,0.000322,0.000303,186.24B,1.92%
2020년 11월 27일,0.000312,0.000311,0.000314,0.000296,289.81B,0.33%
2020년 11월 26일,0.000311,0.000341,0.000351,0.000292,311.53B,-8.99%
2020년 11월 25일,0.000341,0.000358,0.000366,0.000334,154.45B,-4.62%
2020년 11월 24일,0.000358,0.000328,0.000367,0.000327,397.41B,8.99%
2020년 11월 23일,0.000328,0.000312,0.00033,0.000308,198.09B,5.31%
2020년 11월 22일,0.000312,0.000327,0.000329,0.000302,217.26B,-4.81%
2020년 11월 21일,0.000327,0.000299,0.000329,0.000297,156.87B,9.69%
2020년 11월 20일,0.000299,0.000294,0.000301,0.000294,217.58B,1.70%
2020년 11월 19일,0.000294,0.0003,0.0003,0.000291,36.52B,-2.00%
2020년 11월 18일,0.0003,0.0003,0.000302,0.00029,198.35B,0.00%
2020년 11월 17일,0.0003,0.000293,0.0003,0.000293,110.81B,2.06%
2020년 11월 16일,0.000293,0.00029,0.000294,0.000288,141.29B,1.02%
2020년 11월 15일,0.000291,0.000291,0.0003,0.000288,67.55B,-0.34%
2020년 11월 14일,0.000291,0.000291,0.000293,0.000287,117.32B,0.30%
2020년 11월 13일,0.000291,0.000287,0.000295,0.000286,86.61B,1.11%
2020년 11월 12일,0.000287,0.000292,0.000293,0.000287,75.68B,-1.71%
2020년 11월 11일,0.000292,0.000292,0.000296,0.000291,97.39B,0.00%
2020년 11월 10일,0.000292,0.000292,0.000296,0.000289,102.27B,0.20%
2020년 11월 09일,0.000292,0.000296,0.000299,0.000289,93.64B,-1.29%
2020년 11월 08일,0.000295,0.000286,0.000297,0.000284,154.11B,3.50%
2020년 11월 07일,0.000286,0.0003,0.000305,0.000283,163.55B,-4.98%
2020년 11월 06일,0.0003,0.000284,0.000302,0.000283,144.99B,5.97%
2020년 11월 05일,0.000284,0.000277,0.000286,0.000275,103.81B,2.54%
2020년 11월 04일,0.000277,0.000279,0.000283,0.000271,126.99B,-0.94%
2020년 11월 03일,0.000279,0.000286,0.000286,0.000271,137.86B,-2.54%
2020년 11월 02일,0.000286,0.000297,0.000303,0.000285,113.89B,-3.44%
2020년 11월 01일,0.000297,0.000301,0.000304,0.000294,67.44B,-1.61%
2020년 10월 31일,0.000301,0.000292,0.000304,0.00029,159.66B,3.13%
2020년 10월 30일,0.000292,0.000303,0.000303,0.00028,170.38B,-3.43%
2020년 10월 29일,0.000303,0.000309,0.000311,0.000297,162.60B,-1.89%
2020년 10월 28일,0.000309,0.000316,0.000321,0.000305,172.91B,-2.45%
2020년 10월 27일,0.000316,0.000315,0.000321,0.000313,224.96B,0.26%
2020년 10월 26일,0.000315,0.000328,0.000331,0.000315,150.97B,-3.69%
2020년 10월 25일,0.000328,0.000333,0.000334,0.000327,69.60B,-1.75%
2020년 10월 24일,0.000333,0.000334,0.000337,0.00033,151.48B,-0.28%
2020년 10월 23일,0.000334,0.000338,0.000341,0.00033,203.04B,-0.99%
2020년 10월 22일,0.000338,0.000337,0.000347,0.000335,231.58B,0.32%
2020년 10월 21일,0.000337,0.000333,0.000342,0.000332,167.70B,1.21%
2020년 10월 20일,0.000333,0.00034,0.000347,0.000328,87.04B,-2.09%
2020년 10월 19일,0.00034,0.000343,0.000343,0.000334,163.55B,-0.83%
2020년 10월 18일,0.000343,0.000335,0.000343,0.000332,94.46B,2.24%
2020년 10월 17일,0.000335,0.000333,0.000341,0.000329,95.19B,0.64%
2020년 10월 16일,0.000333,0.000343,0.000345,0.000327,181.05B,-2.98%
2020년 10월 15일,0.000343,0.00033,0.000364,0.000327,155.67B,4.03%
2020년 10월 14일,0.00033,0.000344,0.000348,0.000322,154.90B,-4.08%
2020년 10월 13일,0.000344,0.000351,0.000357,0.000341,160.20B,-1.97%
2020년 10월 12일,0.000351,0.000347,0.000355,0.000339,184.10B,1.22%
2020년 10월 11일,0.000347,0.000364,0.000365,0.000346,113.87B,-4.85%
2020년 10월 10일,0.000364,0.000343,0.000366,0.000343,184.03B,6.09%
2020년 10월 09일,0.000343,0.00033,0.000357,0.000328,207.96B,4.10%
2020년 10월 08일,0.00033,0.000322,0.000332,0.000312,201.85B,2.55%
2020년 10월 07일,0.000322,0.000312,0.000325,0.000304,158.38B,2.89%
2020년 10월 06일,0.000312,0.000329,0.00033,0.00031,201.28B,-5.14%
2020년 10월 05일,0.000329,0.00033,0.000334,0.000325,113.65B,0.00%
2020년 10월 04일,0.00033,0.00033,0.000333,0.000323,128.40B,-0.26%
2020년 10월 03일,0.00033,0.000332,0.000339,0.00033,147.41B,-0.36%
2020년 10월 02일,0.000332,0.000333,0.000342,0.00031,95.60B,-0.49%
2020년 10월 01일,0.000333,0.000335,0.000354,0.000321,104.41B,-0.38%
2020년 09월 30일,0.000335,0.00031,0.000344,0.000305,238.55B,7.98%
2020년 09월 29일,0.00031,0.000297,0.000311,0.000294,271.77B,4.17%
2020년 09월 28일,0.000297,0.000304,0.000311,0.000297,370.44B,-2.00%
2020년 09월 27일,0.000304,0.000309,0.000312,0.000299,313.41B,-1.93%
2020년 09월 26일,0.000309,0.00031,0.000319,0.000307,56.47B,0.00%
2020년 09월 25일,0.00031,0.000303,0.000312,0.000294,361.57B,2.25%
2020년 09월 24일,0.000303,0.000285,0.000303,0.000284,495.85B,6.19%
2020년 09월 23일,0.000285,0.000298,0.000307,0.000285,363.27B,-4.42%
2020년 09월 22일,0.000298,0.000296,0.000303,0.00029,360.62B,0.70%
2020년 09월 21일,0.000296,0.00033,0.000331,0.00029,392.10B,-10.13%
2020년 09월 20일,0.00033,0.000334,0.000337,0.000323,210.05B,-1.38%
2020년 09월 19일,0.000334,0.000332,0.000342,0.000329,271.00B,0.87%
2020년 09월 18일,0.000332,0.000332,0.000344,0.000328,299.41B,-0.29%
2020년 09월 17일,0.000332,0.000332,0.000345,0.000324,274.17B,0.00%
2020년 09월 16일,0.000333,0.000333,0.00034,0.00032,451.89B,-0.18%
2020년 09월 15일,0.000333,0.000346,0.000351,0.000332,428.75B,-3.77%
2020년 09월 14일,0.000346,0.00034,0.000355,0.000332,447.48B,1.96%
2020년 09월 13일,0.00034,0.000361,0.000363,0.000332,307.71B,-5.73%
2020년 09월 12일,0.00036,0.000359,0.000368,0.000353,243.70B,0.47%
2020년 09월 11일,0.000359,0.000357,0.00037,0.000345,291.08B,0.58%
2020년 09월 10일,0.000357,0.000352,0.000364,0.000343,414.85B,1.31%
2020년 09월 09일,0.000352,0.000342,0.000353,0.000333,373.70B,3.06%
2020년 09월 08일,0.000342,0.000338,0.00035,0.00033,555.49B,1.22%
2020년 09월 07일,0.000338,0.000341,0.000353,0.000315,220.06B,-1.16%
2020년 09월 06일,0.000341,0.000343,0.000355,0.000301,37.30B,-0.34%
2020년 09월 05일,0.000343,0.000398,0.000406,0.000328,49.84B,-13.84%
2020년 09월 04일,0.000398,0.00043,0.000438,0.000369,66.97B,-7.60%
2020년 09월 03일,0.00043,0.000418,0.000513,0.000408,101.15B,2.84%
2020년 09월 02일,0.000419,0.000454,0.000461,0.000407,62.09B,-7.93%
2020년 09월 01일,0.000455,0.000448,0.000456,0.000433,66.72B,1.37%
2020년 08월 31일,0.000448,0.000459,0.000468,0.000444,63.49B,-2.21%
2020년 08월 30일,0.000459,0.000448,0.000463,0.00044,58.17B,2.44%
2020년 08월 29일,0.000448,0.000428,0.000472,0.000426,74.20B,4.65%
2020년 08월 28일,0.000428,0.000411,0.000429,0.000406,31.94B,4.19%
2020년 08월 27일,0.000411,0.000419,0.000428,0.000402,30.50B,-1.92%
2020년 08월 26일,0.000419,0.000408,0.00042,0.000406,23.67B,2.55%
2020년 08월 25일,0.000408,0.000437,0.000437,0.000398,23.34B,-6.50%
2020년 08월 24일,0.000437,0.000417,0.000448,0.000416,21.22B,4.57%
2020년 08월 23일,0.000417,0.00043,0.000461,0.00041,17.69B,-3.03%
2020년 08월 22일,0.00043,0.000426,0.000443,0.0004,20.07B,1.10%
2020년 08월 21일,0.000426,0.000468,0.000473,0.000425,22.67B,-8.92%
2020년 08월 20일,0.000468,0.000468,0.000483,0.000463,19.83B,-0.21%
2020년 08월 19일,0.000468,0.000483,0.000488,0.000443,26.64B,-2.92%
2020년 08월 18일,0.000483,0.000537,0.000549,0.000469,31.60B,-10.06%
2020년 08월 17일,0.000537,0.000516,0.000552,0.000506,37.65B,3.89%
2020년 08월 16일,0.000516,0.000469,0.000527,0.000463,39.94B,10.14%
2020년 08월 15일,0.000469,0.00047,0.000478,0.000461,19.01B,-0.13%
2020년 08월 14일,0.00047,0.000454,0.000488,0.000454,25.42B,3.54%
2020년 08월 13일,0.000454,0.000455,0.000469,0.000433,24.63B,-0.43%
2020년 08월 12일,0.000455,0.000435,0.000462,0.000419,25.60B,4.78%
2020년 08월 11일,0.000435,0.000475,0.000477,0.000424,30.83B,-8.40%
2020년 08월 10일,0.000475,0.000423,0.000491,0.000416,47.33B,12.30%
2020년 08월 09일,0.000423,0.000437,0.000437,0.000415,19.61B,-3.22%
2020년 08월 08일,0.000437,0.000402,0.000447,0.000398,30.90B,8.71%
2020년 08월 07일,0.000402,0.00042,0.00042,0.000394,25.13B,-4.47%
2020년 08월 06일,0.00042,0.00039,0.000424,0.000388,24.89B,7.93%
2020년 08월 05일,0.00039,0.000386,0.000392,0.000385,17.70B,1.03%
2020년 08월 04일,0.000386,0.000388,0.000394,0.000385,17.88B,-0.75%
2020년 08월 03일,0.000388,0.000384,0.000397,0.000381,19.42B,1.29%
2020년 08월 02일,0.000384,0.000399,0.000411,0.000377,23.75B,-3.77%
2020년 08월 01일,0.000399,0.000384,0.000399,0.000382,22.22B,3.66%
2020년 07월 31일,0.000384,0.000383,0.000387,0.00038,18.09B,0.51%
2020년 07월 30일,0.000383,0.000385,0.000386,0.000378,18.49B,-0.54%
2020년 07월 29일,0.000385,0.000383,0.00039,0.000381,20.68B,0.53%
2020년 07월 28일,0.000383,0.000375,0.000385,0.000372,19.95B,1.90%
2020년 07월 27일,0.000375,0.000389,0.000392,0.000367,21.66B,-3.60%
2020년 07월 26일,0.000389,0.000391,0.000397,0.000387,18.91B,-0.28%
2020년 07월 25일,0.000391,0.000389,0.000392,0.000386,14.65B,0.53%
2020년 07월 24일,0.000388,0.000392,0.000396,0.000385,17.91B,-0.98%
2020년 07월 23일,0.000392,0.000397,0.000398,0.000391,18.75B,-1.06%
2020년 07월 22일,0.000397,0.000392,0.000397,0.000387,18.57B,1.26%
2020년 07월 21일,0.000392,0.000385,0.000395,0.000383,19.06B,1.60%
2020년 07월 20일,0.000385,0.000391,0.000394,0.000384,17.88B,-1.29%
2020년 07월 19일,0.000391,0.000389,0.000396,0.000381,19.62B,0.51%
2020년 07월 18일,0.000389,0.000378,0.000393,0.000373,17.53B,2.92%
2020년 07월 17일,0.000377,0.000384,0.000386,0.000375,17.25B,-1.82%
2020년 07월 16일,0.000384,0.0004,0.0004,0.000363,21.94B,-3.76%
2020년 07월 15일,0.000399,0.000396,0.000405,0.000393,17.60B,0.77%
2020년 07월 14일,0.000396,0.000401,0.000401,0.000381,21.07B,-1.01%
2020년 07월 13일,0.000401,0.00042,0.00043,0.0004,22.86B,-4.56%
2020년 07월 12일,0.00042,0.000402,0.00042,0.000398,23.76B,4.28%
2020년 07월 11일,0.000402,0.00043,0.000438,0.000395,28.65B,-6.32%
2020년 07월 10일,0.00043,0.000394,0.000485,0.000383,83.74B,9.14%
2020년 07월 09일,0.000394,0.000345,0.000394,0.000337,33.31B,13.96%
2020년 07월 08일,0.000345,0.000327,0.000346,0.00032,17.77B,5.46%
2020년 07월 07일,0.000327,0.000335,0.000338,0.000327,17.40B,-2.10%
2020년 07월 06일,0.000335,0.000325,0.00034,0.000325,20.41B,3.08%
2020년 07월 05일,0.000325,0.000327,0.000328,0.000315,20.39B,-0.63%
2020년 07월 04일,0.000327,0.000319,0.000331,0.000319,20.65B,2.50%
2020년 07월 03일,0.000319,0.000326,0.000333,0.000317,20.55B,-2.37%
2020년 07월 02일,0.000326,0.000324,0.000359,0.00032,40.15B,0.59%
2020년 07월 01일,0.000324,0.000295,0.000327,0.000293,23.29B,10.16%
2020년 06월 30일,0.000295,0.000294,0.0003,0.000293,15.77B,0.00%
2020년 06월 29일,0.000294,0.000294,0.000297,0.00029,17.13B,0.00%
2020년 06월 28일,0.000294,0.000294,0.000299,0.000289,13.98B,0.00%
2020년 06월 27일,0.000294,0.000299,0.00031,0.000292,18.64B,-1.56%
2020년 06월 26일,0.000299,0.000298,0.000302,0.000295,15.14B,0.22%
2020년 06월 25일,0.000298,0.000302,0.000303,0.000292,15.15B,-1.00%
2020년 06월 24일,0.000302,0.000309,0.000314,0.000299,15.73B,-2.27%
2020년 06월 23일,0.000309,0.000314,0.000315,0.000307,16.64B,-1.80%
2020년 06월 22일,0.000314,0.000301,0.000316,0.000301,25.02B,4.52%
2020년 06월 21일,0.000301,0.0003,0.000304,0.000296,18.45B,0.36%
2020년 06월 20일,0.0003,0.000297,0.000301,0.000292,15.76B,1.01%
2020년 06월 19일,0.000297,0.000303,0.000304,0.000295,18.41B,-2.24%
2020년 06월 18일,0.000303,0.000306,0.000308,0.000298,16.50B,-1.04%
2020년 06월 17일,0.000306,0.000308,0.000311,0.000301,17.20B,-0.41%
2020년 06월 16일,0.000308,0.000299,0.000309,0.000296,20.42B,3.09%
2020년 06월 15일,0.000299,0.000301,0.000301,0.000281,21.39B,-0.99%
2020년 06월 14일,0.000301,0.000312,0.000314,0.000299,17.31B,-3.22%
2020년 06월 13일,0.000312,0.000303,0.000314,0.000296,18.02B,2.94%
2020년 06월 12일,0.000303,0.000285,0.000303,0.000283,18.63B,6.03%
2020년 06월 11일,0.000285,0.000321,0.000323,0.000284,20.97B,-10.95%
2020년 06월 10일,0.000321,0.000323,0.000324,0.000317,15.39B,-0.62%
2020년 06월 09일,0.000323,0.000326,0.000327,0.00032,17.26B,-0.92%
2020년 06월 08일,0.000326,0.000325,0.000329,0.00032,16.51B,0.29%
2020년 06월 07일,0.000325,0.000327,0.00033,0.000309,18.34B,-0.61%
2020년 06월 06일,0.000327,0.000329,0.00033,0.000322,15.67B,-0.87%
2020년 06월 05일,0.000329,0.000315,0.00034,0.000315,24.01B,4.74%
2020년 06월 04일,0.000315,0.000301,0.000318,0.000301,21.98B,4.33%
2020년 06월 03일,0.000301,0.000298,0.000303,0.00029,20.49B,1.30%
2020년 06월 02일,0.000298,0.00031,0.000313,0.00029,25.51B,-4.06%
2020년 06월 01일,0.00031,0.0003,0.000312,0.000297,21.15B,3.52%
2020년 05월 31일,0.0003,0.000302,0.000332,0.000296,22.71B,-0.93%
2020년 05월 30일,0.000302,0.00029,0.000307,0.000287,23.57B,4.47%
2020년 05월 29일,0.00029,0.00029,0.000299,0.000287,21.26B,0.00%
2020년 05월 28일,0.00029,0.000281,0.00029,0.00028,21.35B,2.88%
2020년 05월 27일,0.000281,0.000281,0.000284,0.000278,21.20B,0.34%
2020년 05월 26일,0.000281,0.000279,0.000284,0.000276,21.67B,0.39%
2020년 05월 25일,0.000279,0.000268,0.000282,0.000266,21.11B,4.08%
2020년 05월 24일,0.000268,0.00027,0.00029,0.000266,22.73B,-0.69%
2020년 05월 23일,0.00027,0.000268,0.000275,0.000263,16.66B,0.74%
2020년 05월 22일,0.000268,0.000259,0.00027,0.000255,17.77B,3.71%
2020년 05월 21일,0.000259,0.000269,0.000271,0.00025,21.72B,-3.64%
2020년 05월 20일,0.000269,0.000275,0.000278,0.000266,19.34B,-2.53%
2020년 05월 19일,0.000276,0.000274,0.000277,0.000271,19.84B,0.37%
2020년 05월 18일,0.000274,0.000271,0.000278,0.000271,17.88B,1.47%
2020년 05월 17일,0.000271,0.00027,0.000274,0.000269,13.66B,0.00%
2020년 05월 16일,0.00027,0.000267,0.000273,0.000265,12.38B,1.49%
2020년 05월 15일,0.000267,0.000273,0.000275,0.000265,18.50B,-2.55%
2020년 05월 14일,0.000273,0.000274,0.000276,0.000268,19.79B,0.00%
2020년 05월 13일,0.000274,0.000264,0.000274,0.000263,16.71B,3.81%
2020년 05월 12일,0.000263,0.000255,0.000267,0.000254,17.74B,2.73%
2020년 05월 11일,0.000256,0.000255,0.000267,0.000246,22.98B,0.76%
2020년 05월 10일,0.000255,0.000286,0.000286,0.000244,22.20B,-11.07%
2020년 05월 09일,0.000286,0.000291,0.000298,0.000285,19.89B,-1.77%
2020년 05월 08일,0.000291,0.000292,0.000297,0.000285,20.79B,-0.27%
2020년 05월 07일,0.000292,0.000285,0.000294,0.00028,23.90B,2.66%
2020년 05월 06일,0.000285,0.000298,0.000299,0.000285,21.37B,-4.33%
2020년 05월 05일,0.000298,0.000298,0.000306,0.00029,19.17B,-0.27%
2020년 05월 04일,0.000298,0.000297,0.000313,0.000276,29.92B,0.35%
2020년 05월 03일,0.000297,0.000294,0.000304,0.000274,25.36B,1.24%
2020년 05월 02일,0.000294,0.000274,0.000294,0.000271,19.63B,6.97%
2020년 05월 01일,0.000274,0.000257,0.00028,0.000257,21.90B,6.96%
2020년 04월 30일,0.000257,0.000267,0.000282,0.000253,24.43B,-3.73%
2020년 04월 29일,0.000267,0.000249,0.000268,0.000248,25.69B,6.88%
2020년 04월 28일,0.000249,0.000242,0.000255,0.000238,18.62B,3.27%
2020년 04월 27일,0.000242,0.000249,0.00025,0.000236,23.16B,-3.07%
2020년 04월 26일,0.000249,0.000244,0.000254,0.000243,18.66B,2.32%
2020년 04월 25일,0.000244,0.00024,0.000249,0.000238,15.58B,1.25%
2020년 04월 24일,0.00024,0.000231,0.000248,0.000231,21.60B,3.89%
2020년 04월 23일,0.000231,0.000226,0.000236,0.000223,23.14B,2.21%
2020년 04월 22일,0.000226,0.000218,0.000229,0.000217,20.78B,3.73%
2020년 04월 21일,0.000218,0.00022,0.000222,0.000217,19.88B,-0.97%
2020년 04월 20일,0.00022,0.000228,0.000232,0.000219,23.55B,-3.52%
2020년 04월 19일,0.000228,0.000234,0.000236,0.000227,17.46B,-2.14%
2020년 04월 18일,0.000234,0.000228,0.000235,0.000228,18.50B,2.28%
2020년 04월 17일,0.000228,0.00023,0.000231,0.000224,18.15B,-0.53%
2020년 04월 16일,0.00023,0.000217,0.000232,0.000213,22.33B,5.53%
2020년 04월 15일,0.000217,0.000226,0.000227,0.000217,20.07B,-3.97%
2020년 04월 14일,0.000226,0.000225,0.000229,0.000223,21.32B,0.44%
2020년 04월 13일,0.000225,0.000231,0.000231,0.00022,19.97B,-2.57%
2020년 04월 12일,0.000231,0.000226,0.000238,0.000223,17.55B,2.62%
2020년 04월 11일,0.000226,0.000227,0.000232,0.000221,18.58B,-0.46%
2020년 04월 10일,0.000227,0.000247,0.000249,0.00022,28.35B,-8.45%
2020년 04월 09일,0.000247,0.000251,0.000254,0.000242,21.08B,-1.50%
2020년 04월 08일,0.000251,0.000242,0.000252,0.000241,22.38B,3.97%
2020년 04월 07일,0.000242,0.000251,0.000261,0.00024,26.54B,-3.53%
2020년 04월 06일,0.00025,0.000233,0.00025,0.000233,27.86B,7.34%
2020년 04월 05일,0.000233,0.000227,0.000243,0.000224,22.19B,2.59%
2020년 04월 04일,0.000227,0.000225,0.000229,0.000222,19.02B,1.33%
2020년 04월 03일,0.000225,0.000227,0.00023,0.000222,24.19B,-0.88%
2020년 04월 02일,0.000226,0.000221,0.000234,0.00022,24.44B,2.72%
2020년 04월 01일,0.000221,0.000222,0.000222,0.000214,21.09B,-0.48%
2020년 03월 31일,0.000222,0.000222,0.000224,0.000217,18.26B,0.00%
2020년 03월 30일,0.000222,0.000204,0.000224,0.000203,23.97B,8.35%
2020년 03월 29일,0.000204,0.000216,0.000217,0.000204,18.80B,-5.15%
2020년 03월 28일,0.000216,0.000214,0.000216,0.000208,21.70B,0.94%
2020년 03월 27일,0.000214,0.000223,0.000225,0.000209,18.98B,-4.45%
2020년 03월 26일,0.000223,0.000218,0.000224,0.000215,16.76B,2.70%
2020년 03월 25일,0.000218,0.000219,0.000223,0.000209,20.16B,-0.87%
2020년 03월 24일,0.000219,0.000219,0.000226,0.000216,20.98B,0.45%
2020년 03월 23일,0.000219,0.000203,0.000222,0.0002,22.20B,7.88%
2020년 03월 22일,0.000203,0.000224,0.000228,0.000202,19.18B,-9.37%
2020년 03월 21일,0.000223,0.000223,0.000232,0.000213,20.81B,0.43%
2020년 03월 20일,0.000223,0.00023,0.000247,0.000209,26.61B,-3.42%
2020년 03월 19일,0.00023,0.000199,0.000236,0.000198,23.92B,15.54%
2020년 03월 18일,0.000199,0.000204,0.000205,0.000192,19.02B,-2.35%
2020년 03월 17일,0.000204,0.000192,0.000207,0.00019,19.48B,6.14%
2020년 03월 16일,0.000192,0.000213,0.000213,0.00017,26.45B,-9.59%
2020년 03월 15일,0.000213,0.000197,0.000223,0.000196,18.56B,7.75%
2020년 03월 14일,0.000197,0.000206,0.000219,0.000192,23.04B,-3.97%
2020년 03월 13일,0.000206,0.000178,0.000216,0.000126,40.14B,15.74%
2020년 03월 12일,0.000178,0.000314,0.000315,0.000172,36.67B,-43.48%
2020년 03월 11일,0.000314,0.000319,0.000322,0.000301,21.46B,-1.31%
2020년 03월 10일,0.000319,0.000324,0.000328,0.000312,20.99B,-1.82%
2020년 03월 09일,0.000324,0.000319,0.000325,0.000304,23.40B,1.69%
2020년 03월 08일,0.000319,0.000372,0.000372,0.000317,24.85B,-14.13%
2020년 03월 07일,0.000372,0.00039,0.000396,0.000368,18.99B,-4.74%
2020년 03월 06일,0.00039,0.000379,0.00039,0.000377,17.66B,3.02%
2020년 03월 05일,0.000379,0.000368,0.000396,0.000368,19.76B,2.97%
2020년 03월 04일,0.000368,0.000368,0.000396,0.00036,14.93B,-0.22%
2020년 03월 03일,0.000368,0.000379,0.000379,0.000367,17.74B,-2.87%
2020년 03월 02일,0.000379,0.00036,0.000388,0.000356,15.77B,5.52%
2020년 03월 01일,0.00036,0.000359,0.00037,0.000353,13.94B,0.00%
2020년 02월 29일,0.000359,0.000372,0.000377,0.000357,13.29B,-3.27%
2020년 02월 28일,0.000372,0.000379,0.000396,0.000349,18.04B,-2.63%
2020년 02월 27일,0.000382,0.000363,0.000429,0.000344,23.90B,5.01%
2020년 02월 26일,0.000363,0.000418,0.000422,0.000348,25.82B,-12.94%
2020년 02월 25일,0.000418,0.000466,0.000467,0.000411,22.99B,-10.31%
2020년 02월 24일,0.000466,0.000492,0.000493,0.000454,21.58B,-5.30%
2020년 02월 23일,0.000492,0.000482,0.000499,0.000479,16.42B,1.88%
2020년 02월 22일,0.000482,0.000503,0.000506,0.00047,15.10B,-4.15%
2020년 02월 21일,0.000503,0.000478,0.000513,0.000472,17.43B,5.40%
2020년 02월 20일,0.000478,0.0005,0.000509,0.000464,24.03B,-4.39%
2020년 02월 19일,0.0005,0.000541,0.000541,0.000496,18.57B,-7.75%
2020년 02월 18일,0.000541,0.000535,0.000548,0.000514,20.39B,1.28%
2020년 02월 17일,0.000535,0.000549,0.000549,0.00049,28.71B,-2.69%
2020년 02월 16일,0.000549,0.00055,0.000589,0.00051,31.28B,0.00%
2020년 02월 15일,0.00055,0.000577,0.00063,0.000533,41.52B,-4.79%
2020년 02월 14일,0.000577,0.000512,0.000587,0.000501,30.77B,12.76%
2020년 02월 13일,0.000512,0.000497,0.000532,0.000491,30.17B,2.93%
2020년 02월 12일,0.000497,0.000464,0.00051,0.000464,25.12B,7.10%
2020년 02월 11일,0.000464,0.000456,0.000475,0.00044,19.41B,1.77%
2020년 02월 10일,0.000456,0.000471,0.000472,0.000441,22.76B,-3.01%
2020년 02월 09일,0.000471,0.000465,0.000496,0.00046,21.18B,1.09%
2020년 02월 08일,0.000465,0.000487,0.000493,0.000447,23.68B,-4.35%
2020년 02월 07일,0.000487,0.000474,0.000502,0.000463,35.85B,2.76%
2020년 02월 06일,0.000474,0.000428,0.000474,0.000415,34.13B,10.61%
2020년 02월 05일,0.000428,0.000398,0.00043,0.000396,32.83B,7.70%
2020년 02월 04일,0.000398,0.000392,0.000398,0.000392,30.42B,1.30%
2020년 02월 03일,0.000392,0.000397,0.000412,0.000384,29.44B,-1.25%
2020년 02월 02일,0.000397,0.00038,0.000408,0.000373,30.95B,4.72%
2020년 02월 01일,0.00038,0.000373,0.0004,0.000371,25.95B,1.84%
2020년 01월 31일,0.000373,0.000369,0.00038,0.000363,29.44B,0.87%
2020년 01월 30일,0.000369,0.000365,0.000376,0.000357,30.15B,1.15%
2020년 01월 29일,0.000365,0.000372,0.000381,0.000365,29.77B,-1.94%
2020년 01월 28일,0.000372,0.000356,0.000374,0.000356,29.27B,4.75%
2020년 01월 27일,0.000356,0.000348,0.00036,0.000347,28.04B,2.05%
2020년 01월 26일,0.000348,0.000344,0.00035,0.000338,24.42B,1.16%
2020년 01월 25일,0.000344,0.000347,0.000347,0.000337,24.47B,-0.61%
2020년 01월 24일,0.000347,0.000351,0.000351,0.000332,28.67B,-1.13%
2020년 01월 23일,0.000351,0.000373,0.000373,0.00034,28.30B,-5.99%
2020년 01월 22일,0.000373,0.000372,0.00038,0.00037,25.58B,0.14%
2020년 01월 21일,0.000372,0.00036,0.000373,0.000359,25.67B,3.28%
2020년 01월 20일,0.00036,0.000354,0.000363,0.000351,25.01B,1.97%
2020년 01월 19일,0.000354,0.000377,0.000382,0.00035,29.27B,-6.13%
2020년 01월 18일,0.000377,0.000377,0.000398,0.000369,27.52B,0.00%
2020년 01월 17일,0.000377,0.000362,0.000386,0.000357,31.83B,4.16%
2020년 01월 16일,0.000362,0.000373,0.00038,0.000346,29.86B,-2.91%
2020년 01월 15일,0.000373,0.00035,0.008183,0.000339,35.14B,6.55%
2020년 01월 14일,0.00035,0.000311,0.00035,0.000311,52.35B,12.25%
2020년 01월 13일,0.000312,0.000326,0.000327,0.000302,82.58B,-4.30%
2020년 01월 12일,0.000326,0.000296,0.000326,0.000293,100.95B,9.84%
2020년 01월 11일,0.000296,0.000298,0.000303,0.000291,76.20B,-0.44%
2020년 01월 10일,0.000298,0.000288,0.000301,0.000284,105.12B,3.18%
2020년 01월 09일,0.000288,0.000294,0.000294,0.000286,46.07B,-1.71%
2020년 01월 08일,0.000294,0.000292,0.000306,0.000288,55.42B,0.36%
2020년 01월 07일,0.000292,0.000309,0.00031,0.000287,38.69B,-5.21%
2020년 01월 06일,0.000309,0.000288,0.000309,0.000288,82.34B,7.00%
2020년 01월 05일,0.000288,0.000289,0.000303,0.000287,78.76B,0.00%
2020년 01월 04일,0.000289,0.000287,0.000291,0.000284,10.70B,0.67%
2020년 01월 03일,0.000287,0.000274,0.000292,0.000272,97.81B,4.70%
2020년 01월 02일,0.000274,0.000285,0.000286,0.000272,56.61B,-3.89%
2020년 01월 01일,0.000285,0.000287,0.000294,0.000285,64.38B,-0.66%
2019년 12월 31일,0.000287,0.000299,0.000304,0.000286,61.76B,-4.00%
2019년 12월 30일,0.000299,0.000289,0.000326,0.000289,76.17B,3.19%
2019년 12월 29일,0.000289,0.000278,0.000297,0.000273,62.95B,4.24%
2019년 12월 28일,0.000278,0.000271,0.000279,0.000271,59.44B,2.61%
2019년 12월 27일,0.000271,0.000275,0.000279,0.000267,64.07B,-1.45%
2019년 12월 26일,0.000275,0.000279,0.000285,0.000273,63.09B,-1.67%
2019년 12월 25일,0.000279,0.00028,0.000283,0.000276,60.87B,-0.19%
2019년 12월 24일,0.00028,0.000284,0.000284,0.000277,61.12B,-1.38%
2019년 12월 23일,0.000284,0.000302,0.000305,0.000283,64.53B,-5.94%
2019년 12월 22일,0.000302,0.000282,0.000305,0.000282,87.74B,6.74%
2019년 12월 21일,0.000282,0.000287,0.000288,0.000281,86.05B,-1.44%
2019년 12월 20일,0.000287,0.000283,0.000288,0.000275,80.58B,1.46%
2019년 12월 19일,0.000283,0.000292,0.000297,0.000278,50.55B,-3.16%
2019년 12월 18일,0.000292,0.000271,0.000292,0.000265,79.05B,7.47%
2019년 12월 17일,0.000271,0.000286,0.000289,0.000264,77.56B,-4.93%
2019년 12월 16일,0.000286,0.000313,0.000315,0.000284,66.10B,-8.91%
2019년 12월 15일,0.000313,0.000309,0.000328,0.000302,58.74B,1.29%
2019년 12월 14일,0.000309,0.000301,0.000338,0.000301,87.46B,2.75%
2019년 12월 13일,0.000301,0.000282,0.000305,0.00028,119.47B,6.96%
2019년 12월 12일,0.000282,0.000291,0.000292,0.000276,34.88B,-3.08%
2019년 12월 11일,0.000291,0.00029,0.000296,0.000286,31.82B,0.00%
2019년 12월 10일,0.00029,0.000308,0.000312,0.000284,37.51B,-5.84%
2019년 12월 09일,0.000308,0.00032,0.000321,0.000306,35.44B,-3.74%
2019년 12월 08일,0.00032,0.000314,0.000325,0.000306,32.99B,1.90%
2019년 12월 07일,0.000314,0.000307,0.000318,0.000307,33.74B,2.28%
2019년 12월 06일,0.000307,0.000303,0.000308,0.000298,37.60B,1.31%
2019년 12월 05일,0.000303,0.000301,0.000305,0.000298,39.31B,0.96%
2019년 12월 04일,0.000301,0.000309,0.000313,0.000297,30.70B,-2.86%
2019년 12월 03일,0.000309,0.000299,0.000314,0.000299,30.92B,3.36%
2019년 12월 02일,0.000299,0.000309,0.000313,0.000296,29.72B,-2.96%
2019년 12월 01일,0.000309,0.000309,0.000314,0.000298,30.21B,-0.31%
2019년 11월 30일,0.000309,0.000329,0.00033,0.000307,29.78B,-5.86%
2019년 11월 29일,0.000329,0.000318,0.000341,0.000317,26.01B,3.23%
2019년 11월 28일,0.000318,0.000318,0.000329,0.000315,18.82B,0.00%
2019년 11월 27일,0.000318,0.000304,0.000334,0.000281,23.36B,4.81%
2019년 11월 26일,0.000304,0.000291,0.000307,0.000289,30.37B,4.22%
2019년 11월 25일,0.000291,0.000292,0.0003,0.000264,35.71B,-0.34%
2019년 11월 24일,0.000292,0.000321,0.000321,0.000292,32.71B,-8.93%
2019년 11월 23일,0.000321,0.000323,0.000324,0.000303,39.06B,-0.73%
2019년 11월 22일,0.000323,0.000347,0.000349,0.000288,45.52B,-6.64%
2019년 11월 21일,0.000346,0.000381,0.000385,0.000336,40.97B,-9.16%
2019년 11월 20일,0.000381,0.000398,0.000402,0.000381,28.24B,-4.25%
2019년 11월 19일,0.000398,0.000403,0.000403,0.000392,26.35B,-1.26%
2019년 11월 18일,0.000403,0.000425,0.000425,0.000402,22.66B,-4.96%
2019년 11월 17일,0.000425,0.000419,0.000429,0.000416,36.34B,1.45%
2019년 11월 16일,0.000419,0.000418,0.000422,0.000415,36.42B,0.18%
2019년 11월 15일,0.000418,0.000426,0.000432,0.00041,27.37B,-2.04%
2019년 11월 14일,0.000426,0.000434,0.000438,0.00042,15.63B,-1.76%
2019년 11월 13일,0.000434,0.000438,0.000443,0.000429,14.88B,-0.94%
2019년 11월 12일,0.000438,0.000437,0.000444,0.00043,13.88B,0.38%
2019년 11월 11일,0.000437,0.000447,0.000451,0.000434,13.26B,-2.45%
2019년 11월 10일,0.000447,0.000439,0.000449,0.000436,14.88B,1.87%
2019년 11월 09일,0.000439,0.000438,0.000443,0.000433,20.54B,0.37%
2019년 11월 08일,0.000438,0.000454,0.000459,0.000429,22.29B,-3.68%
2019년 11월 07일,0.000454,0.000469,0.00047,0.00045,17.50B,-3.23%
2019년 11월 06일,0.000469,0.000459,0.00048,0.000457,38.96B,2.19%
2019년 11월 05일,0.000459,0.000459,0.000463,0.000448,22.41B,0.00%
2019년 11월 04일,0.000459,0.000454,0.000462,0.000446,31.64B,1.09%
2019년 11월 03일,0.000454,0.000459,0.000467,0.000447,24.25B,-1.08%
2019년 11월 02일,0.000459,0.000458,0.000471,0.000458,26.29B,0.42%
2019년 11월 01일,0.000458,0.000461,0.000463,0.00045,30.61B,-0.65%
2019년 10월 31일,0.000461,0.000464,0.000475,0.000444,26.01B,-0.84%
2019년 10월 30일,0.000464,0.000496,0.00051,0.000452,46.29B,-6.27%
2019년 10월 29일,0.000496,0.000463,0.000496,0.00046,46.36B,6.94%
2019년 10월 28일,0.000463,0.000465,0.000508,0.00045,52.51B,-0.29%
2019년 10월 27일,0.000465,0.000417,0.000475,0.00041,58.49B,11.50%
2019년 10월 26일,0.000417,0.000418,0.00044,0.000407,42.69B,-0.36%
2019년 10월 25일,0.000418,0.000389,0.000421,0.000386,37.08B,7.42%
2019년 10월 24일,0.000389,0.000382,0.000395,0.000377,34.38B,1.80%
2019년 10월 23일,0.000383,0.00041,0.000413,0.000371,23.51B,-6.62%
2019년 10월 22일,0.00041,0.000416,0.000419,0.000407,15.10B,-1.57%
2019년 10월 21일,0.000416,0.000419,0.000421,0.000413,27.77B,-0.56%
2019년 10월 20일,0.000419,0.000415,0.000423,0.000408,28.27B,0.73%
2019년 10월 19일,0.000415,0.000413,0.00043,0.000408,29.83B,0.50%
2019년 10월 18일,0.000413,0.000422,0.000423,0.000404,28.76B,-2.07%
2019년 10월 17일,0.000422,0.000411,0.000426,0.000403,30.29B,2.63%
2019년 10월 16일,0.000411,0.000425,0.000425,0.000403,29.66B,-3.11%
2019년 10월 15일,0.000425,0.00044,0.000453,0.000419,27.14B,-3.62%
2019년 10월 14일,0.000441,0.000437,0.000454,0.000435,25.38B,0.78%
2019년 10월 13일,0.000437,0.000437,0.000448,0.000436,26.48B,0.00%
2019년 10월 12일,0.000437,0.000436,0.000446,0.000435,28.98B,0.33%
2019년 10월 11일,0.000436,0.000455,0.00046,0.000435,27.72B,-4.07%
2019년 10월 10일,0.000455,0.000458,0.000473,0.000444,38.63B,-0.86%
2019년 10월 09일,0.000458,0.000437,0.000472,0.000434,30.27B,4.80%
2019년 10월 08일,0.000437,0.000437,0.000463,0.000432,34.56B,0.00%
2019년 10월 07일,0.000437,0.000409,0.000443,0.000406,37.08B,6.74%
2019년 10월 06일,0.000409,0.000426,0.000428,0.000406,39.35B,-3.98%
2019년 10월 05일,0.000426,0.000426,0.000429,0.000418,34.04B,0.22%
2019년 10월 04일,0.000426,0.000424,0.000449,0.000412,35.81B,0.45%
2019년 10월 03일,0.000424,0.000439,0.000439,0.000413,26.09B,-3.43%
2019년 10월 02일,0.000439,0.000408,0.000439,0.000408,15.70B,7.39%
2019년 10월 01일,0.000408,0.000411,0.000434,0.000406,15.23B,-0.57%
2019년 09월 30일,0.000411,0.000425,0.000427,0.000388,25.51B,-3.45%
2019년 09월 29일,0.000425,0.000438,0.00044,0.000416,13.37B,-2.97%
2019년 09월 28일,0.000438,0.000433,0.000442,0.000427,12.99B,1.36%
2019년 09월 27일,0.000433,0.000427,0.000439,0.000414,17.62B,1.23%
2019년 09월 26일,0.000427,0.000432,0.000449,0.000403,20.59B,-0.96%
2019년 09월 25일,0.000432,0.000428,0.00045,0.000411,21.44B,0.73%
2019년 09월 24일,0.000428,0.000513,0.000526,0.000424,42.49B,-16.56%
2019년 09월 23일,0.000513,0.000549,0.000551,0.000511,28.81B,-6.55%
2019년 09월 22일,0.000549,0.000579,0.00058,0.000542,22.36B,-5.16%
2019년 09월 21일,0.000579,0.000584,0.000586,0.000572,19.89B,-0.89%
2019년 09월 20일,0.000584,0.000606,0.000606,0.000571,25.35B,-3.55%
2019년 09월 19일,0.000606,0.000627,0.000627,0.000571,35.32B,-3.29%
2019년 09월 18일,0.000627,0.000584,0.000648,0.000582,29.32B,7.33%
2019년 09월 17일,0.000584,0.000567,0.000603,0.000562,24.70B,3.05%
2019년 09월 16일,0.000567,0.000576,0.000581,0.000559,22.22B,-1.61%
2019년 09월 15일,0.000576,0.000591,0.000593,0.000573,28.66B,-2.50%
2019년 09월 14일,0.000591,0.000586,0.000598,0.000572,23.69B,0.71%
2019년 09월 13일,0.000586,0.000582,0.000588,0.00057,22.19B,0.70%
2019년 09월 12일,0.000582,0.000559,0.000586,0.000544,42.12B,4.26%
2019년 09월 11일,0.000559,0.000566,0.000576,0.000541,35.68B,-1.35%
2019년 09월 10일,0.000566,0.000587,0.000607,0.000557,19.54B,-3.60%
2019년 09월 09일,0.000587,0.000573,0.000594,0.000544,32.09B,2.47%
2019년 09월 08일,0.000573,0.000523,0.000595,0.000523,51.44B,9.54%
2019년 09월 07일,0.000523,0.00049,0.000537,0.000488,14.38B,6.83%
2019년 09월 06일,0.00049,0.000512,0.000517,0.000483,7.13B,-4.25%
2019년 09월 05일,0.000512,0.000531,0.000539,0.000507,8.31B,-3.57%
2019년 09월 04일,0.000531,0.000539,0.000542,0.000526,11.96B,-1.64%
2019년 09월 03일,0.000539,0.000534,0.00055,0.000523,14.14B,1.09%
2019년 09월 02일,0.000534,0.000526,0.000539,0.000516,10.09B,1.38%
2019년 09월 01일,0.000526,0.000523,0.000532,0.000512,10.89B,0.58%
2019년 08월 31일,0.000523,0.000532,0.000539,0.000517,11.54B,-1.62%
2019년 08월 30일,0.000532,0.000527,0.000537,0.000518,10.94B,0.83%
2019년 08월 29일,0.000527,0.000548,0.00055,0.00051,15.57B,-3.83%
2019년 08월 28일,0.000548,0.000612,0.000616,0.000548,14.79B,-10.36%
2019년 08월 27일,0.000612,0.000626,0.000626,0.000604,11.41B,-2.21%
2019년 08월 26일,0.000626,0.000615,0.000635,0.000607,8.37B,1.68%
2019년 08월 25일,0.000615,0.000628,0.000636,0.000606,7.20B,-2.08%
2019년 08월 24일,0.000628,0.000634,0.000638,0.000604,6.56B,-0.81%
2019년 08월 23일,0.000634,0.000622,0.000641,0.00062,8.32B,1.95%
2019년 08월 22일,0.000622,0.000609,0.000631,0.000591,8.56B,2.07%
2019년 08월 21일,0.000609,0.000633,0.000635,0.000586,8.32B,-3.88%
2019년 08월 20일,0.000633,0.00066,0.000662,0.000628,7.98B,-4.03%
2019년 08월 19일,0.00066,0.000643,0.000674,0.000641,8.21B,2.67%
2019년 08월 18일,0.000643,0.000606,0.000655,0.000606,7.81B,6.18%
2019년 08월 17일,0.000606,0.000627,0.000627,0.000598,8.28B,-3.41%
2019년 08월 16일,0.000627,0.000628,0.000641,0.000604,10.65B,-0.13%
2019년 08월 15일,0.000628,0.000616,0.000632,0.000582,13.73B,1.86%
2019년 08월 14일,0.000616,0.000689,0.000691,0.000612,13.68B,-10.50%
2019년 08월 13일,0.000689,0.000681,0.000691,0.000658,11.47B,1.03%
2019년 08월 12일,0.000681,0.000699,0.000701,0.00068,9.99B,-2.53%
2019년 08월 11일,0.000699,0.000676,0.000708,0.000671,10.32B,3.45%
2019년 08월 10일,0.000676,0.000676,0.000694,0.000651,14.29B,-0.10%
2019년 08월 09일,0.000676,0.000737,0.000742,0.000668,15.91B,-8.14%
2019년 08월 08일,0.000736,0.000749,0.00075,0.000725,16.73B,-1.74%
2019년 08월 07일,0.000749,0.000759,0.00079,0.000745,26.55B,-1.32%
2019년 08월 06일,0.000759,0.000767,0.000797,0.000748,30.17B,-0.83%
2019년 08월 05일,0.000766,0.000762,0.000781,0.000747,24.13B,0.44%
2019년 08월 04일,0.000762,0.000761,0.00077,0.000738,16.06B,0.25%
2019년 08월 03일,0.000761,0.000771,0.000785,0.000759,12.94B,-1.30%
2019년 08월 02일,0.000771,0.000791,0.000793,0.000759,25.05B,-2.53%
2019년 08월 01일,0.000791,0.000808,0.000811,0.000773,9.50B,-2.17%
2019년 07월 31일,0.000808,0.000786,0.000812,0.000785,9.49B,2.87%
2019년 07월 30일,0.000786,0.000776,0.000799,0.000763,4.77B,1.26%
2019년 07월 29일,0.000776,0.000788,0.000805,0.000771,5.06B,-1.58%
2019년 07월 28일,0.000788,0.000794,0.000814,0.000763,5.06B,-0.68%
2019년 07월 27일,0.000794,0.000853,0.000871,0.000789,7.46B,-6.91%
2019년 07월 26일,0.000853,0.000849,0.000865,0.000829,5.07B,0.47%
2019년 07월 25일,0.000849,0.000858,0.000887,0.000841,8.19B,-1.11%
2019년 07월 24일,0.000858,0.000862,0.000896,0.000826,12.52B,-0.44%
2019년 07월 23일,0.000862,0.000952,0.000962,0.000825,26.60B,-9.51%
2019년 07월 22일,0.000952,0.001009,0.001036,0.000947,12.45B,-5.65%
2019년 07월 21일,0.001009,0.001028,0.001047,0.000972,10.06B,-1.79%
2019년 07월 20일,0.001028,0.000992,0.001076,0.000979,14.71B,3.61%
2019년 07월 19일,0.000992,0.000947,0.000993,0.000927,14.76B,4.80%
2019년 07월 18일,0.000947,0.000883,0.000968,0.000842,20.82B,7.23%
2019년 07월 17일,0.000883,0.000824,0.000921,0.000784,26.92B,7.16%
2019년 07월 16일,0.000824,0.001025,0.001049,0.000822,19.46B,-19.66%
2019년 07월 15일,0.001025,0.001009,0.001055,0.000924,22.28B,1.65%
2019년 07월 14일,0.001009,0.001149,0.001165,0.000996,13.45B,-12.14%
2019년 07월 13일,0.001148,0.001185,0.001202,0.001094,9.99B,-3.08%
2019년 07월 12일,0.001185,0.001077,0.001193,0.00107,15.04B,9.94%
2019년 07월 11일,0.001078,0.001209,0.001236,0.001065,15.85B,-10.89%
2019년 07월 10일,0.001209,0.001291,0.001293,0.001155,20.49B,-6.37%
2019년 07월 09일,0.001291,0.001333,0.001348,0.001257,18.26B,-3.12%
2019년 07월 08일,0.001333,0.001446,0.001477,0.001317,25.84B,-7.79%
2019년 07월 07일,0.001446,0.001318,0.001474,0.001301,28.84B,9.70%
2019년 07월 06일,0.001318,0.001291,0.001352,0.00129,14.82B,2.08%
2019년 07월 05일,0.001291,0.001284,0.001317,0.001265,14.42B,0.54%
2019년 07월 04일,0.001284,0.001308,0.001361,0.001242,24.58B,-1.86%
2019년 07월 03일,0.001308,0.001348,0.001358,0.001284,18.44B,-2.92%
2019년 07월 02일,0.001348,0.001433,0.001475,0.001281,31.66B,-5.91%
2019년 07월 01일,0.001432,0.001329,0.001553,0.001329,55.99B,7.76%
2019년 06월 30일,0.001329,0.001321,0.001428,0.001289,39.12B,0.63%
2019년 06월 29일,0.001321,0.00123,0.001347,0.001176,27.69B,7.39%
2019년 06월 28일,0.00123,0.001205,0.001245,0.001197,17.35B,2.05%
2019년 06월 27일,0.001205,0.001248,0.00126,0.001142,29.32B,-3.44%
