"날짜","종가","오픈","고가","저가","거래량","변동 %"
"2021년 04월 18일","0.56601","0.64607","0.64997","0.44900","94.05M","-12.39%"
"2021년 04월 17일","0.64605","0.66166","0.68275","0.63180","48.90M","-2.38%"
"2021년 04월 16일","0.66177","0.71747","0.71793","0.62937","48.96M","-7.81%"
"2021년 04월 15일","0.71783","0.65893","0.72352","0.64392","59.43M","8.94%"
"2021년 04월 14일","0.65893","0.70486","0.70500","0.62200","51.57M","-6.52%"
"2021년 04월 13일","0.70486","0.64326","0.70486","0.60940","61.43M","9.62%"
"2021년 04월 12일","0.64301","0.65998","0.66906","0.61476","58.94M","-2.48%"
"2021년 04월 11일","0.65935","0.59480","0.65935","0.55348","72.67M","10.85%"
"2021년 04월 10일","0.59480","0.59500","0.63442","0.57439","60.92M","0.01%"
"2021년 04월 09일","0.59472","0.58386","0.61105","0.56171","55.52M","1.86%"
"2021년 04월 08일","0.58386","0.53499","0.58682","0.53099","38.28M","9.13%"
"2021년 04월 07일","0.53499","0.60422","0.60551","0.49666","92.47M","-11.46%"
"2021년 04월 06일","0.60422","0.61179","0.62431","0.57338","84.70M","-1.24%"
"2021년 04월 05일","0.61179","0.62912","0.67502","0.60199","81.05M","-2.75%"
"2021년 04월 04일","0.62912","0.60090","0.63378","0.59125","50.52M","4.70%"
"2021년 04월 03일","0.60090","0.68503","0.69646","0.59835","129.57M","-12.28%"
"2021년 04월 02일","0.68503","0.53263","0.77784","0.51489","248.65M","28.58%"
"2021년 04월 01일","0.53275","0.56235","0.57073","0.52314","48.66M","-5.26%"
"2021년 03월 31일","0.56235","0.50829","0.56794","0.46104","73.48M","10.64%"
"2021년 03월 30일","0.50829","0.49331","0.54090","0.48058","48.70M","3.12%"
"2021년 03월 29일","0.49289","0.48552","0.49808","0.45973","39.54M","1.58%"
"2021년 03월 28일","0.48521","0.45621","0.50292","0.43995","68.65M","6.36%"
"2021년 03월 27일","0.45621","0.43928","0.46166","0.42566","55.33M","3.81%"
"2021년 03월 26일","0.43948","0.40958","0.44058","0.40694","45.01M","7.30%"
"2021년 03월 25일","0.40958","0.42907","0.44217","0.40058","70.62M","-4.60%"
"2021년 03월 24일","0.42934","0.46139","0.54344","0.41401","132.59M","-6.95%"
"2021년 03월 23일","0.46139","0.42517","0.46347","0.40318","76.58M","8.52%"
"2021년 03월 22일","0.42516","0.42933","0.50194","0.41368","114.54M","-0.97%"
"2021년 03월 21일","0.42933","0.41960","0.42963","0.40219","29.44M","2.33%"
"2021년 03월 20일","0.41956","0.43670","0.46592","0.41882","37.38M","-3.93%"
"2021년 03월 19일","0.43670","0.42820","0.46520","0.41313","48.77M","1.98%"
"2021년 03월 18일","0.42820","0.42411","0.45047","0.41566","42.77M","0.96%"
"2021년 03월 17일","0.42415","0.41634","0.42549","0.39058","30.67M","1.87%"
"2021년 03월 16일","0.41636","0.42854","0.43518","0.39602","38.72M","-2.84%"
"2021년 03월 15일","0.42854","0.45158","0.47509","0.41172","62.32M","-5.10%"
"2021년 03월 14일","0.45157","0.43893","0.47932","0.42159","89.26M","2.91%"
"2021년 03월 13일","0.43879","0.42659","0.46749","0.40635","61.69M","2.88%"
"2021년 03월 12일","0.42651","0.42897","0.44307","0.40539","49.39M","-0.58%"
"2021년 03월 11일","0.42900","0.43375","0.46687","0.40583","62.90M","-1.09%"
"2021년 03월 10일","0.43375","0.47977","0.48314","0.41673","51.61M","-9.53%"
"2021년 03월 09일","0.47945","0.41086","0.48144","0.39984","68.65M","16.69%"
"2021년 03월 08일","0.41086","0.40110","0.41397","0.38038","24.48M","2.43%"
"2021년 03월 07일","0.40110","0.39159","0.40849","0.38508","30.38M","2.43%"
"2021년 03월 06일","0.39159","0.38121","0.39159","0.36702","27.15M","2.81%"
"2021년 03월 05일","0.38090","0.37943","0.38261","0.35683","23.55M","0.43%"
"2021년 03월 04일","0.37926","0.39269","0.40462","0.36369","31.50M","-3.42%"
"2021년 03월 03일","0.39269","0.38046","0.40739","0.37164","43.03M","3.21%"
"2021년 03월 02일","0.38046","0.37030","0.41989","0.35570","66.14M","2.90%"
"2021년 03월 01일","0.36974","0.33342","0.37646","0.33341","38.09M","10.90%"
"2021년 02월 28일","0.33342","0.37258","0.38385","0.30721","46.30M","-10.63%"
"2021년 02월 27일","0.37309","0.34377","0.40822","0.34064","47.02M","8.53%"
"2021년 02월 26일","0.34377","0.34594","0.36178","0.31369","32.50M","-0.60%"
"2021년 02월 25일","0.34584","0.36073","0.39744","0.34282","39.30M","-4.13%"
"2021년 02월 24일","0.36073","0.34208","0.39436","0.31874","58.68M","5.46%"
"2021년 02월 23일","0.34203","0.41851","0.42016","0.26364","100.38M","-18.27%"
"2021년 02월 22일","0.41851","0.46067","0.48705","0.34304","86.90M","-9.15%"
"2021년 02월 21일","0.46067","0.45074","0.46599","0.43582","37.69M","2.20%"
"2021년 02월 20일","0.45074","0.50998","0.51031","0.41222","65.20M","-11.63%"
"2021년 02월 19일","0.51005","0.44468","0.54275","0.43379","121.73M","14.70%"
"2021년 02월 18일","0.44468","0.43418","0.46290","0.41936","72.60M","2.57%"
"2021년 02월 17일","0.43352","0.44835","0.45584","0.39746","57.15M","-3.27%"
"2021년 02월 16일","0.44820","0.46144","0.49103","0.42469","63.99M","-2.87%"
"2021년 02월 15일","0.46144","0.45375","0.51456","0.39238","117.92M","1.77%"
"2021년 02월 14일","0.45343","0.49437","0.57560","0.44131","190.00M","-8.31%"
"2021년 02월 13일","0.49451","0.34617","0.59166","0.34118","561.96M","42.85%"
"2021년 02월 12일","0.34617","0.27028","0.38748","0.26445","183.00M","27.71%"
"2021년 02월 11일","0.27106","0.24424","0.28038","0.23483","120.33M","10.94%"
"2021년 02월 10일","0.24433","0.24783","0.26266","0.22247","100.44M","-1.46%"
"2021년 02월 09일","0.24796","0.23914","0.24801","0.23356","68.37M","3.69%"
"2021년 02월 08일","0.23914","0.23105","0.24987","0.22354","100.54M","3.53%"
"2021년 02월 07일","0.23099","0.24661","0.25368","0.21770","147.15M","-6.36%"
"2021년 02월 06일","0.24668","0.24839","0.28654","0.21601","421.83M","-0.69%"
"2021년 02월 05일","0.24839","0.17586","0.29777","0.17414","357.29M","41.26%"
"2021년 02월 04일","0.17584","0.18293","0.19134","0.16803","81.20M","-3.88%"
"2021년 02월 03일","0.18293","0.17606","0.18498","0.16527","100.61M","3.90%"
"2021년 02월 02일","0.17606","0.15514","0.17963","0.15404","135.11M","13.46%"
"2021년 02월 01일","0.15517","0.15164","0.15517","0.14781","47.08M","2.32%"
"2021년 01월 31일","0.15164","0.15517","0.15820","0.14834","53.64M","-2.27%"
"2021년 01월 30일","0.15517","0.15580","0.16567","0.15295","80.02M","-0.43%"
"2021년 01월 29일","0.15584","0.15202","0.16685","0.14614","139.81M","2.51%"
"2021년 01월 28일","0.15202","0.13461","0.15736","0.13443","112.73M","12.88%"
"2021년 01월 27일","0.13467","0.14818","0.14836","0.13012","42.30M","-9.16%"
"2021년 01월 26일","0.14825","0.15015","0.15179","0.13927","38.09M","-1.25%"
"2021년 01월 25일","0.15013","0.15597","0.15816","0.14670","51.72M","-3.74%"
"2021년 01월 24일","0.15597","0.14767","0.16432","0.14600","102.11M","5.61%"
"2021년 01월 23일","0.14767","0.14498","0.16070","0.14358","81.59M","1.86%"
"2021년 01월 22일","0.14498","0.13177","0.14600","0.11696","93.96M","10.02%"
"2021년 01월 21일","0.13177","0.15711","0.15752","0.12883","55.86M","-16.13%"
"2021년 01월 20일","0.15711","0.15990","0.16668","0.14526","58.76M","-1.75%"
"2021년 01월 19일","0.15990","0.16662","0.16706","0.15685","72.02M","-4.04%"
"2021년 01월 18일","0.16663","0.15424","0.16900","0.14944","123.61M","8.03%"
"2021년 01월 17일","0.15424","0.15283","0.16447","0.14575","102.51M","0.92%"
"2021년 01월 16일","0.15283","0.15541","0.16494","0.14746","105.26M","-1.66%"
"2021년 01월 15일","0.15542","0.16591","0.16648","0.14023","130.44M","-6.32%"
"2021년 01월 14일","0.16591","0.17146","0.17381","0.15798","160.70M","-3.24%"
"2021년 01월 13일","0.17147","0.17233","0.17809","0.15139","326.53M","-0.50%"
"2021년 01월 12일","0.17233","0.12147","0.19099","0.11660","535.42M","41.92%"
"2021년 01월 11일","0.12143","0.14034","0.14035","0.09915","163.09M","-13.48%"
"2021년 01월 10일","0.14034","0.15134","0.17005","0.12843","158.00M","-7.27%"
"2021년 01월 09일","0.15134","0.16509","0.17516","0.14284","181.21M","-8.33%"
"2021년 01월 08일","0.16509","0.20610","0.21811","0.15243","452.25M","-19.49%"
"2021년 01월 07일","0.20504","0.10473","0.20504","0.10199","706.14M","95.78%"
"2021년 01월 06일","0.10473","0.09178","0.11633","0.09008","184.31M","14.21%"
"2021년 01월 05일","0.09170","0.08477","0.09398","0.08203","78.79M","8.17%"
"2021년 01월 04일","0.08477","0.08734","0.09653","0.08004","118.65M","-2.94%"
"2021년 01월 03일","0.08734","0.08518","0.08877","0.08277","84.09M","2.49%"
"2021년 01월 02일","0.08522","0.08563","0.08706","0.08157","46.24M","-0.48%"
"2021년 01월 01일","0.08563","0.08432","0.08930","0.08312","58.19M","1.60%"
"2020년 12월 31일","0.08428","0.08595","0.08625","0.08160","40.77M","-1.93%"
"2020년 12월 30일","0.08594","0.08389","0.09109","0.08283","73.02M","2.45%"
"2020년 12월 29일","0.08389","0.08617","0.08703","0.08119","47.91M","-2.65%"
"2020년 12월 28일","0.08617","0.08659","0.09027","0.08499","62.59M","-0.38%"
"2020년 12월 27일","0.08650","0.08901","0.09207","0.08392","77.72M","-2.79%"
"2020년 12월 26일","0.08899","0.09119","0.09167","0.08711","52.38M","-2.41%"
"2020년 12월 25일","0.09119","0.09087","0.09580","0.08680","94.19M","0.35%"
"2020년 12월 24일","0.09087","0.08062","0.09528","0.07773","263.70M","12.72%"
"2020년 12월 23일","0.08062","0.08982","0.10697","0.07552","197.94M","-9.89%"
"2020년 12월 22일","0.08947","0.08956","0.09323","0.08669","55.42M","-0.10%"
"2020년 12월 21일","0.08956","0.09540","0.09868","0.08748","163.40M","-6.13%"
"2020년 12월 20일","0.09540","0.10317","0.10324","0.09382","84.07M","-7.53%"
"2020년 12월 19일","0.10317","0.09972","0.10890","0.09739","142.20M","3.47%"
"2020년 12월 18일","0.09971","0.09359","0.10024","0.09285","83.93M","6.54%"
"2020년 12월 17일","0.09359","0.09497","0.09881","0.09163","98.07M","-1.45%"
"2020년 12월 16일","0.09497","0.09457","0.09683","0.09065","78.91M","0.42%"
"2020년 12월 15일","0.09457","0.09489","0.09974","0.09352","55.81M","-0.38%"
"2020년 12월 14일","0.09493","0.09699","0.09821","0.09337","35.35M","-2.12%"
"2020년 12월 13일","0.09699","0.09710","0.10120","0.09550","64.61M","-0.14%"
"2020년 12월 12일","0.09712","0.08914","0.10351","0.08908","107.84M","8.95%"
"2020년 12월 11일","0.08914","0.09133","0.09514","0.08693","73.54M","-2.39%"
"2020년 12월 10일","0.09133","0.09881","0.09905","0.08985","70.40M","-7.58%"
"2020년 12월 09일","0.09881","0.09259","0.10325","0.08616","162.39M","6.73%"
"2020년 12월 08일","0.09259","0.10247","0.10531","0.09256","94.43M","-9.56%"
"2020년 12월 07일","0.10237","0.10720","0.10742","0.10160","71.50M","-4.52%"
"2020년 12월 06일","0.10723","0.11573","0.11627","0.10335","120.18M","-7.35%"
"2020년 12월 05일","0.11573","0.10046","0.11799","0.09782","256.26M","15.14%"
"2020년 12월 04일","0.10051","0.12091","0.12833","0.09823","289.90M","-16.91%"
"2020년 12월 03일","0.12096","0.12605","0.14478","0.11034","579.04M","-4.03%"
"2020년 12월 02일","0.12605","0.08507","0.14182","0.08404","794.49M","48.04%"
"2020년 12월 01일","0.08514","0.08152","0.09554","0.07856","237.83M","4.43%"
"2020년 11월 30일","0.08153","0.08060","0.08540","0.07711","96.77M","1.15%"
"2020년 11월 29일","0.08060","0.08218","0.08237","0.07934","37.79M","-1.92%"
"2020년 11월 28일","0.08218","0.07984","0.08360","0.07629","62.30M","2.93%"
"2020년 11월 27일","0.07984","0.07712","0.08092","0.07215","67.94M","3.60%"
"2020년 11월 26일","0.07707","0.08834","0.09364","0.06743","167.19M","-12.76%"
"2020년 11월 25일","0.08834","0.08638","0.09390","0.08525","181.48M","2.28%"
"2020년 11월 24일","0.08638","0.08661","0.09209","0.08269","173.09M","-0.26%"
"2020년 11월 23일","0.08661","0.07841","0.09374","0.07841","339.39M","10.49%"
"2020년 11월 22일","0.07838","0.08445","0.08466","0.07388","184.29M","-7.20%"
"2020년 11월 21일","0.08446","0.08759","0.08774","0.08262","160.39M","-3.57%"
"2020년 11월 20일","0.08759","0.08762","0.09040","0.08669","96.13M","0.03%"
"2020년 11월 19일","0.08756","0.08505","0.09242","0.08304","161.88M","2.84%"
"2020년 11월 18일","0.08515","0.09263","0.09354","0.08253","142.17M","-8.08%"
"2020년 11월 17일","0.09263","0.09643","0.09678","0.08452","275.70M","-3.94%"
"2020년 11월 16일","0.09643","0.10258","0.10258","0.09487","160.24M","-6.00%"
"2020년 11월 15일","0.10258","0.10565","0.11398","0.09839","270.57M","-2.90%"
"2020년 11월 14일","0.10565","0.10621","0.11468","0.09799","379.17M","-0.51%"
"2020년 11월 13일","0.10618","0.09982","0.12599","0.09612","764.46M","6.14%"
"2020년 11월 12일","0.10004","0.09239","0.10239","0.08195","622.86M","8.10%"
"2020년 11월 11일","0.09254","0.10585","0.13254","0.09052","527.45M","-12.42%"
"2020년 11월 10일","0.10566","0.12413","0.15663","0.09875","930.43M","-14.88%"
"2020년 11월 09일","0.12413","0.06555","0.13336","0.06328","957.60M","89.36%"
"2020년 11월 08일","0.06555","0.04122","0.06597","0.03991","407.86M","58.84%"
"2020년 11월 07일","0.04127","0.05349","0.05360","0.03832","244.52M","-22.80%"
"2020년 11월 06일","0.05346","0.03307","0.06317","0.03201","691.12M","61.66%"
"2020년 11월 05일","0.03307","0.02504","0.03875","0.02499","141.19M","32.06%"
"2020년 11월 04일","0.02504","0.02447","0.02570","0.02411","9.65M","2.33%"
"2020년 11월 03일","0.02447","0.02501","0.02501","0.02359","6.32M","-1.91%"
"2020년 11월 02일","0.02494","0.02599","0.02620","0.02444","5.77M","-4.03%"
"2020년 11월 01일","0.02599","0.02532","0.02621","0.02513","4.77M","2.65%"
"2020년 10월 31일","0.02532","0.02540","0.02591","0.02504","5.09M","-0.34%"
"2020년 10월 30일","0.02540","0.02611","0.02625","0.02439","9.63M","-2.72%"
"2020년 10월 29일","0.02611","0.02726","0.02777","0.02587","6.86M","-4.21%"
"2020년 10월 28일","0.02726","0.02889","0.02913","0.02684","9.36M","-5.65%"
"2020년 10월 27일","0.02889","0.02739","0.02907","0.02669","9.17M","5.48%"
"2020년 10월 26일","0.02739","0.02851","0.02915","0.02639","8.46M","-3.92%"
"2020년 10월 25일","0.02851","0.02993","0.02993","0.02802","12.58M","-4.74%"
"2020년 10월 24일","0.02993","0.02808","0.03333","0.02799","55.07M","6.59%"
"2020년 10월 23일","0.02808","0.02686","0.02922","0.02657","12.64M","4.55%"
"2020년 10월 22일","0.02686","0.02602","0.02718","0.02592","4.44M","3.20%"
"2020년 10월 21일","0.02602","0.02563","0.02661","0.02533","8.63M","1.52%"
"2020년 10월 20일","0.02563","0.02651","0.02651","0.02494","6.44M","-3.32%"
"2020년 10월 19일","0.02651","0.02725","0.02725","0.02635","6.57M","-2.69%"
"2020년 10월 18일","0.02725","0.02660","0.02756","0.02614","6.88M","2.44%"
"2020년 10월 17일","0.02660","0.02546","0.02790","0.02541","13.58M","4.47%"
"2020년 10월 16일","0.02546","0.02638","0.02654","0.02493","9.75M","-3.51%"
"2020년 10월 15일","0.02638","0.02680","0.02704","0.02552","5.76M","-1.56%"
"2020년 10월 14일","0.02680","0.02708","0.02772","0.02644","7.19M","-1.01%"
"2020년 10월 13일","0.02708","0.02822","0.02865","0.02683","10.08M","-4.05%"
"2020년 10월 12일","0.02822","0.02957","0.02960","0.02779","16.73M","-4.57%"
"2020년 10월 11일","0.02957","0.02802","0.03329","0.02743","59.37M","5.53%"
"2020년 10월 10일","0.02802","0.02685","0.03835","0.02680","130.46M","4.37%"
"2020년 10월 09일","0.02685","0.02526","0.02744","0.02476","14.63M","6.28%"
"2020년 10월 08일","0.02526","0.02330","0.02531","0.02313","7.18M","8.44%"
"2020년 10월 07일","0.02330","0.02296","0.02336","0.02239","4.82M","1.46%"
"2020년 10월 06일","0.02296","0.02500","0.02520","0.02283","7.18M","-8.15%"
"2020년 10월 05일","0.02500","0.02538","0.02578","0.02475","4.78M","-1.50%"
"2020년 10월 04일","0.02538","0.02498","0.02546","0.02457","4.58M","1.60%"
"2020년 10월 03일","0.02498","0.02506","0.02532","0.02491","3.59M","-0.33%"
"2020년 10월 02일","0.02506","0.02543","0.02571","0.02378","8.80M","-1.45%"
"2020년 10월 01일","0.02543","0.02640","0.02683","0.02486","8.09M","-3.70%"
"2020년 09월 30일","0.02640","0.02731","0.02738","0.02565","10.88M","-3.30%"
"2020년 09월 29일","0.02731","0.02678","0.02768","0.02606","7.46M","1.97%"
"2020년 09월 28일","0.02678","0.02635","0.02756","0.02622","10.68M","1.62%"
"2020년 09월 27일","0.02635","0.02676","0.02722","0.02563","5.98M","-1.52%"
"2020년 09월 26일","0.02676","0.02673","0.02736","0.02642","6.62M","0.12%"
"2020년 09월 25일","0.02673","0.02576","0.02682","0.02511","10.25M","3.76%"
"2020년 09월 24일","0.02576","0.02397","0.02580","0.02373","7.20M","7.47%"
"2020년 09월 23일","0.02397","0.02551","0.02626","0.02382","9.02M","-6.05%"
"2020년 09월 22일","0.02551","0.02574","0.02616","0.02484","8.62M","-0.88%"
"2020년 09월 21일","0.02574","0.02889","0.02959","0.02488","14.67M","-10.90%"
"2020년 09월 20일","0.02889","0.03082","0.03089","0.02846","6.60M","-6.28%"
"2020년 09월 19일","0.03082","0.03009","0.03116","0.02976","6.97M","2.43%"
"2020년 09월 18일","0.03009","0.02960","0.03142","0.02937","15.59M","1.79%"
"2020년 09월 17일","0.02956","0.02960","0.03048","0.02894","11.42M","-0.13%"
"2020년 09월 16일","0.02960","0.03085","0.03087","0.02915","14.91M","-4.18%"
"2020년 09월 15일","0.03089","0.03371","0.03375","0.03085","18.22M","-8.38%"
"2020년 09월 14일","0.03371","0.03125","0.03776","0.03125","71.92M","7.89%"
"2020년 09월 13일","0.03125","0.03375","0.03440","0.03069","14.24M","-7.42%"
"2020년 09월 12일","0.03375","0.03322","0.03460","0.03200","20.72M","1.59%"
"2020년 09월 11일","0.03322","0.03174","0.03682","0.03168","53.23M","4.68%"
"2020년 09월 10일","0.03174","0.02911","0.03193","0.02907","14.81M","9.03%"
"2020년 09월 09일","0.02911","0.02854","0.02997","0.02764","11.75M","1.99%"
"2020년 09월 08일","0.02854","0.02886","0.02998","0.02765","18.87M","-1.10%"
"2020년 09월 07일","0.02886","0.02971","0.03024","0.02660","20.09M","-2.84%"
"2020년 09월 06일","0.02971","0.02870","0.03039","0.02716","24.14M","3.51%"
"2020년 09월 05일","0.02870","0.03122","0.03218","0.02678","34.08M","-8.09%"
"2020년 09월 04일","0.03122","0.02887","0.03170","0.02878","43.32M","8.16%"
"2020년 09월 03일","0.02887","0.03807","0.03849","0.02873","43.96M","-24.17%"
"2020년 09월 02일","0.03807","0.04118","0.04128","0.03680","42.25M","-7.38%"
"2020년 09월 01일","0.04110","0.04388","0.04388","0.04041","113.09M","-6.34%"
"2020년 08월 31일","0.04388","0.04349","0.04473","0.04241","104.48M","0.89%"
"2020년 08월 30일","0.04349","0.04481","0.04581","0.04289","123.51M","-2.93%"
"2020년 08월 29일","0.04481","0.04290","0.04569","0.04242","174.50M","4.44%"
"2020년 08월 28일","0.04290","0.03960","0.04596","0.03949","209.52M","8.33%"
"2020년 08월 27일","0.03960","0.04182","0.04199","0.03852","163.69M","-5.29%"
"2020년 08월 26일","0.04182","0.04190","0.04319","0.04098","106.26M","-0.19%"
"2020년 08월 25일","0.04190","0.04733","0.04739","0.04036","110.13M","-11.37%"
"2020년 08월 24일","0.04727","0.04658","0.04829","0.04571","44.61M","1.49%"
"2020년 08월 23일","0.04658","0.04802","0.04805","0.04508","47.76M","-3.00%"
"2020년 08월 22일","0.04802","0.05261","0.05620","0.04413","138.87M","-8.72%"
"2020년 08월 21일","0.05261","0.04615","0.05261","0.04279","112.48M","13.99%"
"2020년 08월 20일","0.04615","0.03990","0.04666","0.03935","56.98M","15.65%"
"2020년 08월 19일","0.03990","0.04362","0.04458","0.03884","58.88M","-8.53%"
"2020년 08월 18일","0.04362","0.04108","0.04869","0.04005","135.62M","6.18%"
"2020년 08월 17일","0.04108","0.03814","0.04274","0.03785","64.34M","7.73%"
"2020년 08월 16일","0.03814","0.03577","0.03844","0.03561","28.58M","6.62%"
"2020년 08월 15일","0.03577","0.03696","0.03734","0.03558","24.00M","-3.21%"
"2020년 08월 14일","0.03696","0.03443","0.03712","0.03442","43.93M","7.35%"
"2020년 08월 13일","0.03443","0.03388","0.03526","0.03249","34.62M","1.62%"
"2020년 08월 12일","0.03388","0.03316","0.03541","0.03207","54.31M","2.18%"
"2020년 08월 11일","0.03316","0.03686","0.03813","0.03192","94.34M","-10.05%"
"2020년 08월 10일","0.03686","0.03316","0.03692","0.03192","133.73M","11.17%"
"2020년 08월 09일","0.03316","0.03196","0.03385","0.03137","51.24M","3.74%"
"2020년 08월 08일","0.03196","0.02891","0.03210","0.02888","36.91M","10.56%"
"2020년 08월 07일","0.02891","0.02937","0.02972","0.02843","21.19M","-1.55%"
"2020년 08월 06일","0.02937","0.02893","0.02957","0.02878","27.00M","1.52%"
"2020년 08월 05일","0.02893","0.02918","0.02940","0.02842","28.34M","-0.87%"
"2020년 08월 04일","0.02918","0.02899","0.02955","0.02841","26.02M","0.64%"
"2020년 08월 03일","0.02899","0.02862","0.02952","0.02848","26.79M","1.31%"
"2020년 08월 02일","0.02862","0.02970","0.02998","0.02782","49.13M","-3.65%"
"2020년 08월 01일","0.02970","0.02961","0.03019","0.02943","42.49M","0.31%"
"2020년 07월 31일","0.02961","0.02950","0.03022","0.02939","46.18M","0.37%"
"2020년 07월 30일","0.02950","0.02972","0.03000","0.02920","58.69M","-0.72%"
"2020년 07월 29일","0.02972","0.02929","0.03070","0.02889","54.69M","1.47%"
"2020년 07월 28일","0.02929","0.02775","0.02947","0.02759","67.97M","5.52%"
"2020년 07월 27일","0.02775","0.02990","0.03003","0.02649","96.71M","-6.93%"
"2020년 07월 26일","0.02982","0.03216","0.03227","0.02950","52.71M","-7.28%"
"2020년 07월 25일","0.03216","0.03026","0.03262","0.03026","51.77M","6.30%"
"2020년 07월 24일","0.03026","0.03090","0.03191","0.03013","67.20M","-2.08%"
"2020년 07월 23일","0.03090","0.03278","0.03278","0.03060","76.52M","-5.74%"
"2020년 07월 22일","0.03278","0.03054","0.03343","0.03028","60.74M","7.32%"
"2020년 07월 21일","0.03054","0.03113","0.03128","0.02994","63.90M","-1.87%"
"2020년 07월 20일","0.03113","0.03208","0.03209","0.03101","56.33M","-2.96%"
"2020년 07월 19일","0.03208","0.03001","0.03289","0.03001","87.96M","6.89%"
"2020년 07월 18일","0.03001","0.02823","0.03045","0.02782","47.62M","6.30%"
"2020년 07월 17일","0.02823","0.02750","0.02831","0.02722","41.57M","2.64%"
"2020년 07월 16일","0.02750","0.02891","0.02891","0.02649","33.96M","-4.87%"
"2020년 07월 15일","0.02891","0.02861","0.02953","0.02837","34.37M","1.04%"
"2020년 07월 14일","0.02861","0.02869","0.02870","0.02732","89.36M","-0.29%"
"2020년 07월 13일","0.02869","0.03028","0.03028","0.02834","135.07M","-5.25%"
"2020년 07월 12일","0.03028","0.02870","0.03066","0.02869","130.10M","5.51%"
"2020년 07월 11일","0.02870","0.02778","0.02878","0.02760","111.39M","3.30%"
"2020년 07월 10일","0.02778","0.02748","0.02791","0.02691","109.47M","1.10%"
"2020년 07월 09일","0.02748","0.02839","0.02961","0.02707","99.07M","-3.22%"
"2020년 07월 08일","0.02840","0.02800","0.02853","0.02758","69.76M","1.43%"
"2020년 07월 07일","0.02800","0.02710","0.02811","0.02644","58.89M","3.33%"
"2020년 07월 06일","0.02710","0.02602","0.02721","0.02601","70.74M","4.15%"
"2020년 07월 05일","0.02602","0.02680","0.02689","0.02551","42.62M","-2.90%"
"2020년 07월 04일","0.02680","0.02670","0.02689","0.02630","57.41M","0.37%"
"2020년 07월 03일","0.02670","0.02628","0.02717","0.02628","53.43M","1.58%"
"2020년 07월 02일","0.02628","0.02642","0.02719","0.02558","34.96M","-0.52%"
"2020년 07월 01일","0.02642","0.02689","0.02700","0.02610","67.94M","-1.74%"
"2020년 06월 30일","0.02689","0.02680","0.02720","0.02611","43.75M","0.32%"
"2020년 06월 29일","0.02680","0.02570","0.02681","0.02565","85.48M","4.26%"
"2020년 06월 28일","0.02570","0.02530","0.02610","0.02480","56.99M","1.59%"
"2020년 06월 27일","0.02530","0.02681","0.02691","0.02480","84.01M","-5.64%"
"2020년 06월 26일","0.02681","0.02768","0.02830","0.02636","70.06M","-3.15%"
"2020년 06월 25일","0.02768","0.02909","0.02910","0.02643","59.34M","-4.84%"
"2020년 06월 24일","0.02909","0.03021","0.03072","0.02838","77.15M","-3.70%"
"2020년 06월 23일","0.03021","0.03000","0.03061","0.02934","76.59M","0.72%"
"2020년 06월 22일","0.03000","0.02962","0.03113","0.02960","86.93M","1.28%"
"2020년 06월 21일","0.02962","0.03008","0.03150","0.02960","78.88M","-1.56%"
"2020년 06월 20일","0.03008","0.03053","0.03053","0.02919","60.06M","-1.45%"
"2020년 06월 19일","0.03053","0.03180","0.03181","0.02977","71.53M","-4.00%"
"2020년 06월 18일","0.03180","0.03254","0.03263","0.03101","77.98M","-2.29%"
"2020년 06월 17일","0.03254","0.03413","0.03445","0.03168","78.24M","-4.66%"
"2020년 06월 16일","0.03413","0.03329","0.03495","0.03212","70.63M","2.54%"
"2020년 06월 15일","0.03329","0.03096","0.03375","0.02757","90.06M","7.52%"
"2020년 06월 14일","0.03096","0.03051","0.03254","0.02947","76.83M","1.46%"
"2020년 06월 13일","0.03051","0.02850","0.03057","0.02839","65.46M","7.07%"
"2020년 06월 12일","0.02850","0.02542","0.02857","0.02524","76.14M","12.12%"
"2020년 06월 11일","0.02542","0.03030","0.03138","0.02518","113.12M","-16.11%"
"2020년 06월 10일","0.03030","0.02982","0.03182","0.02922","75.89M","1.59%"
"2020년 06월 09일","0.02982","0.02870","0.03039","0.02800","76.25M","3.91%"
"2020년 06월 08일","0.02870","0.02770","0.02962","0.02752","64.94M","3.59%"
"2020년 06월 07일","0.02770","0.02829","0.02847","0.02658","43.85M","-2.06%"
"2020년 06월 06일","0.02829","0.02878","0.02888","0.02765","68.85M","-1.72%"
"2020년 06월 05일","0.02878","0.02779","0.03126","0.02779","126.06M","3.59%"
"2020년 06월 04일","0.02779","0.02630","0.02836","0.02571","85.20M","5.66%"
"2020년 06월 03일","0.02630","0.02610","0.02640","0.02540","93.27M","0.74%"
"2020년 06월 02일","0.02610","0.02581","0.02709","0.02470","130.40M","1.16%"
"2020년 06월 01일","0.02581","0.02501","0.02660","0.02487","117.87M","3.18%"
"2020년 05월 31일","0.02501","0.02521","0.02718","0.02499","119.28M","-0.77%"
"2020년 05월 30일","0.02521","0.02430","0.02580","0.02412","129.51M","3.72%"
"2020년 05월 29일","0.02430","0.02490","0.02521","0.02380","199.54M","-2.41%"
"2020년 05월 28일","0.02490","0.02520","0.02560","0.02439","158.84M","-1.17%"
"2020년 05월 27일","0.02520","0.02691","0.02719","0.02473","204.25M","-6.36%"
"2020년 05월 26일","0.02691","0.02560","0.02741","0.02529","198.57M","5.10%"
"2020년 05월 25일","0.02560","0.02321","0.02581","0.02269","148.06M","10.33%"
"2020년 05월 24일","0.02321","0.02420","0.02623","0.02320","125.91M","-4.09%"
"2020년 05월 23일","0.02420","0.02517","0.02520","0.02328","117.29M","-3.87%"
"2020년 05월 22일","0.02517","0.02243","0.02671","0.02229","153.38M","12.23%"
"2020년 05월 21일","0.02243","0.02250","0.02388","0.02095","121.38M","-0.33%"
"2020년 05월 20일","0.02250","0.02269","0.02310","0.02170","88.28M","-0.83%"
"2020년 05월 19일","0.02269","0.02229","0.02309","0.02212","83.86M","1.80%"
"2020년 05월 18일","0.02229","0.02089","0.02272","0.02075","75.04M","6.70%"
"2020년 05월 17일","0.02089","0.02099","0.02118","0.02060","52.36M","-0.49%"
"2020년 05월 16일","0.02099","0.02029","0.02111","0.02010","38.80M","3.46%"
"2020년 05월 15일","0.02029","0.02071","0.02089","0.02001","52.34M","-2.02%"
"2020년 05월 14일","0.02071","0.02090","0.02100","0.02020","43.67M","-0.90%"
"2020년 05월 13일","0.02090","0.02079","0.02120","0.02059","93.03M","0.51%"
"2020년 05월 12일","0.02079","0.01952","0.02130","0.01950","81.35M","6.08%"
"2020년 05월 11일","0.01960","0.01996","0.02001","0.01836","92.18M","-1.80%"
"2020년 05월 10일","0.01996","0.02260","0.02270","0.01875","50.56M","-11.70%"
"2020년 05월 09일","0.02260","0.02307","0.02389","0.02220","77.70M","-2.03%"
"2020년 05월 08일","0.02307","0.02191","0.02381","0.02139","79.40M","5.32%"
"2020년 05월 07일","0.02191","0.02110","0.02191","0.02079","48.50M","3.81%"
"2020년 05월 06일","0.02110","0.02151","0.02192","0.02110","43.37M","-1.90%"
"2020년 05월 05일","0.02151","0.02131","0.02229","0.02080","49.58M","0.53%"
"2020년 05월 04일","0.02140","0.02180","0.02186","0.02037","54.55M","-1.86%"
"2020년 05월 03일","0.02180","0.02319","0.02330","0.02118","20.93M","-5.97%"
"2020년 05월 02일","0.02319","0.02292","0.02360","0.02229","64.93M","1.15%"
"2020년 05월 01일","0.02292","0.02059","0.02509","0.02059","61.98M","11.32%"
"2020년 04월 30일","0.02059","0.02160","0.02262","0.02012","55.12M","-4.65%"
"2020년 04월 29일","0.02160","0.02041","0.02178","0.02041","48.57M","5.84%"
"2020년 04월 28일","0.02041","0.02050","0.02060","0.02019","30.89M","-0.45%"
"2020년 04월 27일","0.02050","0.02089","0.02100","0.02020","58.13M","-1.90%"
"2020년 04월 26일","0.02089","0.02070","0.02090","0.02040","77.01M","0.93%"
"2020년 04월 25일","0.02070","0.02040","0.02070","0.01990","62.72M","1.49%"
"2020년 04월 24일","0.02040","0.01970","0.02060","0.01970","86.23M","3.54%"
"2020년 04월 23일","0.01970","0.01900","0.02020","0.01880","89.77M","3.69%"
"2020년 04월 22일","0.01900","0.01841","0.01920","0.01830","74.68M","3.23%"
"2020년 04월 21일","0.01841","0.01831","0.01860","0.01811","60.77M","0.54%"
"2020년 04월 20일","0.01831","0.01970","0.02030","0.01800","70.25M","-7.09%"
"2020년 04월 19일","0.01970","0.02000","0.02010","0.01941","62.25M","-1.50%"
"2020년 04월 18일","0.02000","0.01920","0.02010","0.01920","101.74M","4.20%"
"2020년 04월 17일","0.01920","0.01930","0.01940","0.01889","42.94M","-0.52%"
"2020년 04월 16일","0.01930","0.01820","0.01940","0.01760","53.09M","6.03%"
"2020년 04월 15일","0.01820","0.01890","0.01900","0.01820","76.03M","-3.72%"
"2020년 04월 14일","0.01890","0.01900","0.01911","0.01850","51.10M","-0.48%"
"2020년 04월 13일","0.01900","0.01940","0.01940","0.01839","54.05M","-2.07%"
"2020년 04월 12일","0.01940","0.01930","0.02010","0.01900","51.19M","0.52%"
"2020년 04월 11일","0.01930","0.01940","0.01981","0.01899","54.23M","-0.53%"
"2020년 04월 10일","0.01940","0.02171","0.02171","0.01890","69.64M","-10.66%"
"2020년 04월 09일","0.02171","0.02091","0.02181","0.02081","106.77M","3.86%"
"2020년 04월 08일","0.02091","0.02021","0.02091","0.01999","95.82M","3.45%"
"2020년 04월 07일","0.02021","0.02049","0.02099","0.02009","83.86M","-1.38%"
"2020년 04월 06일","0.02049","0.01920","0.02050","0.01920","90.51M","6.70%"
"2020년 04월 05일","0.01920","0.01952","0.02042","0.01918","80.45M","-1.60%"
"2020년 04월 04일","0.01952","0.01959","0.01980","0.01910","50.19M","-0.39%"
"2020년 04월 03일","0.01959","0.01911","0.01971","0.01879","42.98M","2.55%"
"2020년 04월 02일","0.01911","0.01870","0.01960","0.01839","49.42M","2.15%"
"2020년 04월 01일","0.01870","0.01862","0.01883","0.01750","48.68M","0.47%"
"2020년 03월 31일","0.01862","0.01760","0.01993","0.01749","74.80M","5.80%"
"2020년 03월 30일","0.01760","0.01660","0.01810","0.01659","33.08M","5.98%"
"2020년 03월 29일","0.01660","0.01780","0.01841","0.01658","36.05M","-6.74%"
"2020년 03월 28일","0.01780","0.01870","0.01870","0.01708","35.25M","-4.76%"
"2020년 03월 27일","0.01870","0.01931","0.01979","0.01861","48.75M","-3.18%"
"2020년 03월 26일","0.01931","0.01920","0.01950","0.01860","32.39M","0.55%"
"2020년 03월 25일","0.01920","0.01950","0.01980","0.01829","76.69M","-1.53%"
"2020년 03월 24일","0.01950","0.01981","0.02008","0.01862","71.81M","-1.54%"
"2020년 03월 23일","0.01981","0.01781","0.02009","0.01751","64.69M","11.19%"
"2020년 03월 22일","0.01781","0.01910","0.02080","0.01780","86.25M","-6.72%"
"2020년 03월 21일","0.01910","0.01888","0.02046","0.01808","66.90M","1.16%"
"2020년 03월 20일","0.01888","0.01851","0.02068","0.01720","88.17M","1.98%"
"2020년 03월 19일","0.01851","0.01670","0.01958","0.01659","67.39M","10.84%"
"2020년 03월 18일","0.01670","0.01642","0.01670","0.01500","57.47M","1.68%"
"2020년 03월 17일","0.01642","0.01522","0.01719","0.01522","39.26M","7.90%"
"2020년 03월 16일","0.01522","0.01769","0.01785","0.01369","34.71M","-13.93%"
"2020년 03월 15일","0.01769","0.01667","0.01897","0.01652","36.33M","6.16%"
"2020년 03월 14일","0.01666","0.01557","0.01731","0.01475","28.01M","6.98%"
"2020년 03월 13일","0.01557","0.01373","0.01679","0.00989","86.43M","13.44%"
"2020년 03월 12일","0.01373","0.02518","0.02525","0.01321","78.39M","-45.48%"
"2020년 03월 11일","0.02518","0.02692","0.02741","0.02370","21.17M","-6.46%"
"2020년 03월 10일","0.02692","0.02629","0.02721","0.02600","14.89M","2.40%"
"2020년 03월 09일","0.02629","0.02609","0.02710","0.02462","36.92M","0.77%"
"2020년 03월 08일","0.02609","0.03242","0.03243","0.02609","45.54M","-19.53%"
"2020년 03월 07일","0.03242","0.03170","0.03242","0.03064","26.53M","2.27%"
"2020년 03월 06일","0.03170","0.03246","0.03333","0.03108","29.57M","-2.35%"
"2020년 03월 05일","0.03246","0.03347","0.03347","0.03209","55.84M","-3.02%"
"2020년 03월 04일","0.03347","0.02717","0.03502","0.02705","133.14M","23.20%"
"2020년 03월 03일","0.02717","0.02708","0.02742","0.02625","20.66M","0.32%"
"2020년 03월 02일","0.02708","0.02490","0.02732","0.02462","26.42M","8.78%"
"2020년 03월 01일","0.02490","0.02340","0.02552","0.02337","28.41M","6.40%"
"2020년 02월 29일","0.02340","0.02373","0.02452","0.02321","18.26M","-1.38%"
"2020년 02월 28일","0.02373","0.02487","0.02713","0.02288","30.06M","-4.58%"
"2020년 02월 27일","0.02487","0.02250","0.02641","0.02132","43.51M","10.52%"
"2020년 02월 26일","0.02250","0.02550","0.02550","0.02170","52.21M","-11.77%"
"2020년 02월 25일","0.02550","0.02957","0.02957","0.02538","32.23M","-13.75%"
"2020년 02월 24일","0.02957","0.03051","0.03101","0.02907","27.00M","-3.10%"
"2020년 02월 23일","0.03051","0.02942","0.03070","0.02928","30.03M","3.72%"
"2020년 02월 22일","0.02942","0.03030","0.03060","0.02908","25.40M","-2.91%"
"2020년 02월 21일","0.03030","0.02979","0.03128","0.02960","32.39M","1.71%"
"2020년 02월 20일","0.02979","0.03128","0.03142","0.02852","46.65M","-4.82%"
"2020년 02월 19일","0.03130","0.03473","0.03545","0.03057","43.96M","-9.89%"
"2020년 02월 18일","0.03473","0.03456","0.03611","0.03263","31.58M","0.97%"
"2020년 02월 17일","0.03440","0.03570","0.03668","0.03023","67.89M","-3.65%"
"2020년 02월 16일","0.03570","0.03607","0.04336","0.03187","124.73M","-1.03%"
"2020년 02월 15일","0.03607","0.03430","0.03913","0.03311","98.43M","5.18%"
"2020년 02월 14일","0.03430","0.03249","0.03481","0.03165","56.36M","5.58%"
"2020년 02월 13일","0.03249","0.03436","0.03466","0.03146","61.43M","-5.46%"
"2020년 02월 12일","0.03436","0.03402","0.03572","0.03356","63.90M","1.00%"
"2020년 02월 11일","0.03402","0.03200","0.03480","0.03050","61.83M","6.32%"
"2020년 02월 10일","0.03200","0.03096","0.03317","0.02876","53.04M","3.36%"
"2020년 02월 09일","0.03096","0.03070","0.03142","0.02883","57.60M","0.84%"
"2020년 02월 08일","0.03070","0.03164","0.03250","0.02997","70.11M","-2.96%"
"2020년 02월 07일","0.03164","0.02902","0.03342","0.02888","49.20M","9.00%"
"2020년 02월 06일","0.02902","0.02880","0.02962","0.02838","39.74M","0.78%"
"2020년 02월 05일","0.02880","0.02887","0.02937","0.02733","42.54M","-0.23%"
"2020년 02월 04일","0.02887","0.02673","0.02937","0.02673","26.43M","7.98%"
"2020년 02월 03일","0.02673","0.02756","0.02914","0.02620","22.82M","-3.00%"
"2020년 02월 02일","0.02756","0.02573","0.03044","0.02543","76.77M","7.11%"
"2020년 02월 01일","0.02573","0.02540","0.02583","0.02440","22.65M","1.30%"
"2020년 01월 31일","0.02540","0.02397","0.02580","0.02346","42.58M","5.98%"
"2020년 01월 30일","0.02397","0.02230","0.02453","0.02213","23.11M","7.48%"
"2020년 01월 29일","0.02230","0.02240","0.02260","0.02190","19.20M","-0.45%"
"2020년 01월 28일","0.02240","0.02170","0.02342","0.02170","26.46M","3.23%"
"2020년 01월 27일","0.02170","0.02170","0.02200","0.02120","17.54M","0.00%"
"2020년 01월 26일","0.02170","0.02133","0.02189","0.02127","20.60M","1.74%"
"2020년 01월 25일","0.02133","0.02192","0.02192","0.02090","15.40M","-2.71%"
"2020년 01월 24일","0.02192","0.02217","0.02240","0.02107","20.87M","-1.11%"
"2020년 01월 23일","0.02217","0.02356","0.02408","0.02190","28.60M","-6.24%"
"2020년 01월 22일","0.02364","0.02324","0.02612","0.02246","78.47M","1.72%"
"2020년 01월 21일","0.02324","0.02009","0.02437","0.01992","30.28M","15.67%"
"2020년 01월 20일","0.02009","0.02000","0.02022","0.01980","12.54M","0.47%"
"2020년 01월 19일","0.02000","0.02161","0.02181","0.01958","26.52M","-7.45%"
"2020년 01월 18일","0.02161","0.02122","0.02173","0.02051","40.22M","1.85%"
"2020년 01월 17일","0.02122","0.01996","0.02200","0.01972","40.69M","6.31%"
"2020년 01월 16일","0.01996","0.02043","0.02100","0.01930","23.23M","-2.30%"
"2020년 01월 15일","0.02043","0.01907","0.02071","0.01890","37.51M","7.13%"
"2020년 01월 14일","0.01907","0.01947","0.01980","0.01860","33.97M","-2.07%"
"2020년 01월 13일","0.01947","0.02090","0.02113","0.01938","21.02M","-6.85%"
"2020년 01월 12일","0.02090","0.01850","0.02150","0.01840","31.90M","12.98%"
"2020년 01월 11일","0.01850","0.01770","0.01900","0.01758","11.85M","4.53%"
"2020년 01월 10일","0.01770","0.01773","0.01792","0.01740","10.81M","-0.14%"
"2020년 01월 09일","0.01773","0.01810","0.01850","0.01757","6.90M","-2.07%"
"2020년 01월 08일","0.01810","0.01881","0.01901","0.01762","24.02M","-3.79%"
"2020년 01월 07일","0.01881","0.01980","0.02000","0.01869","31.74M","-4.98%"
"2020년 01월 06일","0.01980","0.01862","0.02001","0.01848","28.98M","6.34%"
"2020년 01월 05일","0.01862","0.01960","0.01980","0.01860","25.75M","-5.01%"
"2020년 01월 04일","0.01960","0.01945","0.01970","0.01893","20.85M","0.76%"
"2020년 01월 03일","0.01945","0.01940","0.02098","0.01870","37.43M","0.26%"
"2020년 01월 02일","0.01940","0.01798","0.02008","0.01737","26.11M","7.92%"
"2020년 01월 01일","0.01798","0.01829","0.01829","0.01773","7.22M","-1.71%"
"2019년 12월 31일","0.01829","0.01980","0.02000","0.01812","22.06M","-7.64%"
"2019년 12월 30일","0.01980","0.02082","0.02082","0.01930","38.08M","-4.91%"
"2019년 12월 29일","0.02082","0.01859","0.02180","0.01841","72.80M","12.02%"
"2019년 12월 28일","0.01859","0.01730","0.01902","0.01730","29.90M","7.43%"
"2019년 12월 27일","0.01730","0.01761","0.01763","0.01685","4.03M","-1.73%"
"2019년 12월 26일","0.01761","0.01730","0.01846","0.01700","6.46M","1.78%"
"2019년 12월 25일","0.01730","0.01730","0.01746","0.01685","4.51M","0.00%"
"2019년 12월 24일","0.01730","0.01730","0.01770","0.01716","2.62M","0.00%"
"2019년 12월 23일","0.01730","0.01840","0.01852","0.01715","6.27M","-5.99%"
"2019년 12월 22일","0.01840","0.01855","0.01880","0.01808","10.76M","-0.80%"
"2019년 12월 21일","0.01855","0.01977","0.01980","0.01854","7.76M","-6.16%"
"2019년 12월 20일","0.01977","0.01850","0.02029","0.01829","20.64M","6.84%"
"2019년 12월 19일","0.01850","0.01930","0.01943","0.01822","31.45M","-4.14%"
"2019년 12월 18일","0.01930","0.01810","0.01941","0.01690","34.14M","6.62%"
"2019년 12월 17일","0.01810","0.02070","0.02070","0.01791","34.91M","-12.56%"
"2019년 12월 16일","0.02070","0.02280","0.02281","0.02050","27.58M","-9.22%"
"2019년 12월 15일","0.02280","0.02271","0.02289","0.02200","25.21M","0.41%"
"2019년 12월 14일","0.02271","0.02360","0.02400","0.02208","13.35M","-3.79%"
"2019년 12월 13일","0.02360","0.02369","0.02410","0.02351","8.08M","-0.37%"
"2019년 12월 12일","0.02369","0.02509","0.02537","0.02340","19.08M","-5.57%"
"2019년 12월 11일","0.02509","0.02399","0.02561","0.02371","16.12M","4.60%"
"2019년 12월 10일","0.02399","0.02629","0.02639","0.02354","19.63M","-8.77%"
"2019년 12월 09일","0.02629","0.02754","0.02794","0.02620","12.64M","-4.52%"
"2019년 12월 08일","0.02754","0.02698","0.02818","0.02629","12.84M","2.05%"
"2019년 12월 07일","0.02698","0.02651","0.02729","0.02602","17.77M","1.80%"
"2019년 12월 06일","0.02651","0.02599","0.02659","0.02551","14.77M","1.98%"
"2019년 12월 05일","0.02599","0.02612","0.02642","0.02561","17.71M","-0.48%"
"2019년 12월 04일","0.02612","0.02767","0.02832","0.02601","22.06M","-5.62%"
"2019년 12월 03일","0.02767","0.02711","0.02788","0.02711","7.77M","2.06%"
"2019년 12월 02일","0.02711","0.02738","0.02772","0.02695","3.74M","-0.98%"
"2019년 12월 01일","0.02738","0.02816","0.02820","0.02630","9.66M","-2.78%"
"2019년 11월 30일","0.02816","0.02960","0.03227","0.02776","16.31M","-4.86%"
"2019년 11월 29일","0.02960","0.02850","0.03062","0.02843","11.14M","3.86%"
"2019년 11월 28일","0.02850","0.02908","0.02990","0.02844","17.11M","-2.00%"
"2019년 11월 27일","0.02908","0.02842","0.03134","0.02707","18.32M","2.33%"
"2019년 11월 26일","0.02842","0.02670","0.02904","0.02630","11.45M","6.44%"
"2019년 11월 25일","0.02670","0.02680","0.02721","0.02351","21.85M","-0.36%"
"2019년 11월 24일","0.02680","0.02908","0.02909","0.02582","40.34M","-7.84%"
"2019년 11월 23일","0.02908","0.02938","0.02976","0.02703","27.58M","-1.03%"
"2019년 11월 22일","0.02938","0.03311","0.03390","0.02711","23.32M","-11.26%"
"2019년 11월 21일","0.03311","0.03580","0.03620","0.03210","20.18M","-7.50%"
"2019년 11월 20일","0.03580","0.03641","0.03671","0.03550","17.43M","-1.68%"
"2019년 11월 19일","0.03641","0.03760","0.03780","0.03542","19.33M","-3.18%"
"2019년 11월 18일","0.03760","0.03900","0.03979","0.03759","24.06M","-3.59%"
"2019년 11월 17일","0.03900","0.03879","0.03940","0.03830","18.57M","0.54%"
"2019년 11월 16일","0.03879","0.03879","0.03920","0.03850","13.88M","0.00%"
"2019년 11월 15일","0.03879","0.03930","0.04001","0.03830","20.56M","-1.30%"
"2019년 11월 14일","0.03930","0.04009","0.04010","0.03890","22.38M","-1.98%"
"2019년 11월 13일","0.04009","0.03990","0.04049","0.03940","23.50M","0.48%"
"2019년 11월 12일","0.03990","0.04019","0.04130","0.03950","21.71M","-0.73%"
"2019년 11월 11일","0.04019","0.04061","0.04089","0.03930","22.05M","-1.01%"
"2019년 11월 10일","0.04061","0.04029","0.04110","0.03960","22.38M","0.77%"
"2019년 11월 09일","0.04029","0.04039","0.04110","0.04000","19.63M","-0.23%"
"2019년 11월 08일","0.04039","0.04229","0.04229","0.03919","23.96M","-4.50%"
"2019년 11월 07일","0.04229","0.04341","0.04351","0.04100","22.05M","-2.58%"
"2019년 11월 06일","0.04341","0.04398","0.04431","0.04301","22.24M","-1.30%"
"2019년 11월 05일","0.04398","0.04330","0.04720","0.04330","24.10M","1.57%"
"2019년 11월 04일","0.04330","0.04283","0.04357","0.04213","18.00M","1.10%"
"2019년 11월 03일","0.04283","0.04220","0.04480","0.04191","21.16M","1.49%"
"2019년 11월 02일","0.04220","0.04361","0.04379","0.04191","18.14M","-3.23%"
"2019년 11월 01일","0.04361","0.04180","0.04379","0.04170","16.68M","4.33%"
"2019년 10월 31일","0.04180","0.04130","0.04269","0.03991","15.58M","1.20%"
"2019년 10월 30일","0.04130","0.04301","0.04352","0.04071","20.30M","-3.96%"
"2019년 10월 29일","0.04301","0.04328","0.04417","0.04200","18.50M","-0.63%"
"2019년 10월 28일","0.04328","0.04247","0.04613","0.04127","19.20M","1.91%"
"2019년 10월 27일","0.04247","0.03949","0.04469","0.03931","20.48M","7.53%"
"2019년 10월 26일","0.03949","0.03972","0.04349","0.03829","20.81M","-0.57%"
"2019년 10월 25일","0.03972","0.03739","0.04000","0.03659","16.59M","6.22%"
"2019년 10월 24일","0.03739","0.03670","0.03808","0.03659","15.46M","1.89%"
"2019년 10월 23일","0.03670","0.03990","0.04141","0.03568","19.58M","-8.01%"
"2019년 10월 22일","0.03990","0.03880","0.04107","0.03850","18.91M","2.58%"
"2019년 10월 21일","0.03890","0.03870","0.03979","0.03800","17.82M","0.25%"
"2019년 10월 20일","0.03880","0.03770","0.03930","0.03730","17.20M","2.90%"
"2019년 10월 19일","0.03770","0.03710","0.03889","0.03670","19.97M","1.63%"
"2019년 10월 18일","0.03710","0.03869","0.03879","0.03633","18.49M","-4.11%"
"2019년 10월 17일","0.03869","0.03751","0.03870","0.03690","17.54M","3.16%"
"2019년 10월 16일","0.03751","0.03960","0.04224","0.03583","16.30M","-9.13%"
"2019년 10월 15일","0.04127","0.03771","0.04320","0.03584","51.86M","9.45%"
"2019년 10월 14일","0.03771","0.03925","0.04158","0.03582","48.49M","-3.91%"
"2019년 10월 13일","0.03925","0.03829","0.04402","0.03573","52.88M","2.50%"
"2019년 10월 12일","0.03829","0.03930","0.04556","0.03446","60.85M","-2.57%"
"2019년 10월 11일","0.03930","0.04506","0.05034","0.03772","18.59M","-12.78%"
"2019년 10월 10일","0.04506","0.04208","0.05184","0.04060","56.61M","7.08%"
"2019년 10월 09일","0.04208","0.04933","0.05235","0.03975","19.03M","-14.69%"
"2019년 10월 08일","0.04933","0.04546","0.05184","0.03929","50.73M","8.50%"
"2019년 10월 07일","0.04546","0.04739","0.05161","0.03824","59.33M","-4.07%"
"2019년 10월 06일","0.04739","0.04276","0.04999","0.03699","51.66M","10.57%"
"2019년 10월 05일","0.04286","0.03687","0.04352","0.03649","23.03M","16.23%"
"2019년 10월 04일","0.03687","0.03551","0.04069","0.03443","66.77M","3.85%"
"2019년 10월 03일","0.03551","0.03841","0.04101","0.03418","67.34M","-7.56%"
"2019년 10월 02일","0.03841","0.03720","0.04075","0.03300","73.52M","3.25%"
"2019년 10월 01일","0.03720","0.03620","0.04065","0.03317","70.75M","2.76%"
"2019년 09월 30일","0.03620","0.03547","0.04063","0.03290","18.80M","2.05%"
"2019년 09월 29일","0.03547","0.03472","0.04000","0.03258","21.07M","2.16%"
"2019년 09월 28일","0.03472","0.03931","0.04056","0.03290","75.13M","-11.67%"
"2019년 09월 27일","0.03931","0.03504","0.04220","0.03199","69.80M","12.17%"
"2019년 09월 26일","0.03504","0.03805","0.04208","0.03187","69.89M","-7.90%"
"2019년 09월 25일","0.03805","0.03700","0.04464","0.03123","62.81M","2.67%"
"2019년 09월 24일","0.03706","0.04379","0.04858","0.03399","62.74M","-15.36%"
"2019년 09월 23일","0.04379","0.04584","0.04894","0.03686","60.07M","-4.47%"
"2019년 09월 22일","0.04584","0.04761","0.04927","0.04023","61.01M","-3.73%"
"2019년 09월 21일","0.04761","0.04885","0.04912","0.04001","56.47M","-2.60%"
"2019년 09월 20일","0.04888","0.04601","0.04896","0.04007","55.96M","6.20%"
"2019년 09월 19일","0.04603","0.04550","0.04829","0.03970","57.39M","1.17%"
"2019년 09월 18일","0.04550","0.04279","0.05028","0.03667","27.42M","6.32%"
"2019년 09월 17일","0.04279","0.04642","0.04816","0.03493","20.37M","-7.82%"
"2019년 09월 16일","0.04642","0.04517","0.04864","0.03595","63.08M","2.77%"
"2019년 09월 15일","0.04517","0.04185","0.04829","0.04078","64.64M","7.93%"
"2019년 09월 14일","0.04185","0.04285","0.04799","0.03776","67.45M","-2.32%"
"2019년 09월 13일","0.04285","0.04095","0.04802","0.03793","69.92M","4.57%"
"2019년 09월 12일","0.04098","0.04480","0.04876","0.03845","65.17M","-8.54%"
"2019년 09월 11일","0.04480","0.03846","0.04773","0.03774","24.20M","16.48%"
"2019년 09월 10일","0.03846","0.04448","0.05066","0.03713","72.19M","-13.53%"
"2019년 09월 09일","0.04448","0.03469","0.05203","0.03469","30.90M","28.23%"
"2019년 09월 08일","0.03469","0.03751","0.05090","0.03318","87.19M","-7.51%"
"2019년 09월 07일","0.03751","0.03443","0.05128","0.03281","91.66M","8.94%"
"2019년 09월 06일","0.03443","0.04482","0.04759","0.03361","85.43M","-23.19%"
"2019년 09월 05일","0.04482","0.04711","0.05093","0.03356","80.69M","-4.86%"
"2019년 09월 04일","0.04711","0.04294","0.05117","0.03903","74.57M","9.72%"
"2019년 09월 03일","0.04294","0.04101","0.04833","0.03894","66.19M","5.19%"
"2019년 09월 02일","0.04082","0.04092","0.04833","0.03894","54.69M","-0.21%"
"2019년 09월 01일","0.04090","0.04038","0.04123","0.03949","45.16M","1.31%"
"2019년 08월 31일","0.04038","0.04223","0.04223","0.03991","47.63M","-4.39%"
"2019년 08월 30일","0.04223","0.04098","0.04691","0.03998","58.48M","3.14%"
"2019년 08월 29일","0.04094","0.04563","0.04760","0.03797","51.90M","-10.28%"
"2019년 08월 28일","0.04563","0.04673","0.05069","0.03942","79.74M","-2.34%"
"2019년 08월 27일","0.04673","0.04615","0.05173","0.04442","77.91M","1.25%"
"2019년 08월 26일","0.04615","0.04846","0.05287","0.04461","81.28M","-4.78%"
"2019년 08월 25일","0.04846","0.05678","0.05952","0.04675","85.04M","-14.64%"
"2019년 08월 24일","0.05678","0.03747","0.06117","0.03747","112.44M","51.51%"
"2019년 08월 23일","0.03747","0.03824","0.04012","0.03640","81.58M","-1.99%"
"2019년 08월 22일","0.03824","0.03823","0.03996","0.03628","84.46M","0.02%"
"2019년 08월 21일","0.03823","0.03804","0.04216","0.03600","80.83M","0.49%"
"2019년 08월 20일","0.03804","0.03811","0.04071","0.03620","82.70M","-0.17%"
"2019년 08월 19일","0.03811","0.04322","0.04671","0.03634","80.25M","-11.84%"
"2019년 08월 18일","0.04322","0.04213","0.04592","0.03259","85.03M","2.60%"
"2019년 08월 17일","0.04213","0.03245","0.04241","0.03241","82.51M","29.83%"
"2019년 08월 16일","0.03245","0.03625","0.04232","0.03244","79.73M","-10.48%"
"2019년 08월 15일","0.03625","0.04825","0.05164","0.03253","74.51M","-24.87%"
"2019년 08월 14일","0.04825","0.04548","0.05309","0.03888","75.38M","6.07%"
"2019년 08월 13일","0.04548","0.04518","0.05343","0.04040","72.66M","0.67%"
"2019년 08월 12일","0.04518","0.04903","0.05407","0.04122","77.32M","-7.85%"
"2019년 08월 11일","0.04903","0.05210","0.05316","0.04086","70.89M","-5.89%"
"2019년 08월 10일","0.05210","0.04457","0.05210","0.04088","68.24M","16.89%"
"2019년 08월 09일","0.04457","0.04623","0.05226","0.04100","74.95M","-3.58%"
"2019년 08월 08일","0.04623","0.04827","0.05319","0.04235","73.70M","-4.22%"
"2019년 08월 07일","0.04827","0.04687","0.05510","0.04292","73.41M","2.98%"
"2019년 08월 06일","0.04687","0.05088","0.05691","0.04332","70.87M","-7.89%"
"2019년 08월 05일","0.05088","0.04861","0.05659","0.04352","69.43M","4.68%"
"2019년 08월 04일","0.04861","0.05400","0.05794","0.04467","67.05M","-9.98%"
"2019년 08월 03일","0.05400","0.05784","0.05817","0.04752","64.42M","-6.63%"
"2019년 08월 02일","0.05783","0.05735","0.05791","0.04749","65.88M","0.84%"
"2019년 08월 01일","0.05735","0.05350","0.05788","0.04759","67.66M","7.21%"
"2019년 07월 31일","0.05350","0.05765","0.05838","0.04904","67.65M","-7.21%"
"2019년 07월 30일","0.05765","0.05128","0.05999","0.04834","75.66M","12.44%"
"2019년 07월 29일","0.05128","0.05081","0.06090","0.04751","69.59M","0.92%"
"2019년 07월 28일","0.05081","0.05911","0.06106","0.04659","62.38M","-16.26%"
"2019년 07월 27일","0.06067","0.04611","0.06073","0.04367","69.17M","31.57%"
"2019년 07월 26일","0.04611","0.05183","0.06231","0.04363","64.46M","-11.04%"
"2019년 07월 25일","0.05183","0.05030","0.07223","0.04384","68.16M","3.04%"
"2019년 07월 24일","0.05030","0.04937","0.05163","0.04347","73.40M","1.89%"
"2019년 07월 23일","0.04937","0.05214","0.05739","0.04370","72.67M","10.40%"
"2019년 07월 22일","0.04472","0.04442","0.05876","0.04192","67.70M","0.66%"
"2019년 07월 21일","0.04442","0.05779","0.05948","0.04110","65.21M","-23.13%"
"2019년 07월 20일","0.05779","0.05388","0.06024","0.04228","67.18M","7.27%"
"2019년 07월 19일","0.05388","0.04736","0.06084","0.03490","64.99M","13.77%"
"2019년 07월 18일","0.04736","0.04780","0.04976","0.03474","77.74M","-0.93%"
"2019년 07월 17일","0.04780","0.03915","0.04870","0.03342","82.82M","22.10%"
"2019년 07월 16일","0.03915","0.05859","0.06414","0.03442","67.92M","-33.19%"
"2019년 07월 15일","0.05859","0.05982","0.06412","0.05087","65.26M","-2.05%"
"2019년 07월 14일","0.05982","0.06030","0.06730","0.05385","60.35M","-0.79%"
"2019년 07월 13일","0.06030","0.05788","0.07024","0.05681","50.20M","0.52%"
"2019년 07월 12일","0.05998","0.06529","0.07014","0.05597","62.53M","-8.14%"
"2019년 07월 11일","0.06529","0.06994","0.07625","0.05644","63.01M","-6.65%"
"2019년 07월 10일","0.06994","0.07484","0.07680","0.06617","52.91M","-6.55%"
"2019년 07월 09일","0.07484","0.06959","0.07682","0.06834","58.48M","7.51%"
"2019년 07월 08일","0.06962","0.07053","0.07840","0.06926","58.60M","-1.30%"
"2019년 07월 07일","0.07053","0.07429","0.07833","0.06807","59.98M","-5.05%"
"2019년 07월 06일","0.07429","0.06955","0.07674","0.06643","56.28M","6.81%"
"2019년 07월 05일","0.06955","0.07233","0.07632","0.06588","55.05M","-3.84%"
"2019년 07월 04일","0.07233","0.07259","0.07732","0.06620","55.54M","-0.36%"
"2019년 07월 03일","0.07259","0.07566","0.07681","0.06583","55.46M","-4.05%"
"2019년 07월 02일","0.07566","0.07087","0.07634","0.06526","57.65M","6.70%"
"2019년 07월 01일","0.07090","0.07203","0.07688","0.06463","53.67M","-1.57%"
"2019년 06월 30일","0.07203","0.06984","0.07831","0.06584","58.23M","3.14%"
"2019년 06월 29일","0.06984","0.07587","0.07793","0.06169","60.99M","-7.98%"
"2019년 06월 28일","0.07589","0.06610","0.07718","0.06105","60.78M","14.81%"
"2019년 06월 27일","0.06610","0.08072","0.09229","0.06087","73.36M","-18.11%"
"2019년 06월 26일","0.08072","0.08273","0.08631","0.07697","57.84M","-2.43%"
"2019년 06월 25일","0.08273","0.08260","0.08582","0.08096","49.96M","0.15%"
"2019년 06월 24일","0.08260","0.08261","0.08624","0.08033","53.58M","0.00%"
"2019년 06월 23일","0.08260","0.08332","0.08853","0.08040","55.05M","-0.87%"
"2019년 06월 22일","0.08332","0.08204","0.08745","0.07736","59.21M","1.57%"
"2019년 06월 21일","0.08204","0.07748","0.08252","0.07737","51.79M","5.79%"
"2019년 06월 20일","0.07755","0.08486","0.08552","0.07740","50.95M","-8.62%"
"2019년 06월 19일","0.08486","0.08460","0.08836","0.08127","50.85M","0.31%"
"2019년 06월 18일","0.08460","0.08686","0.08708","0.08055","50.02M","-2.60%"
"2019년 06월 17일","0.08686","0.08927","0.09031","0.08163","49.51M","-2.71%"
"2019년 06월 16일","0.08927","0.08877","0.09223","0.08308","53.08M","0.56%"
"2019년 06월 15일","0.08877","0.08661","0.09086","0.08279","51.19M","2.50%"
"2019년 06월 14일","0.08661","0.08943","0.09628","0.08206","53.53M","-3.16%"
"2019년 06월 13일","0.08943","0.08486","0.09411","0.08159","53.08M","5.39%"
"2019년 06월 12일","0.08486","0.08735","0.09386","0.08089","51.71M","-2.84%"
"2019년 06월 11일","0.08734","0.08050","0.09679","0.07925","55.84M","-0.83%"
"2019년 06월 10일","0.08807","0.08248","0.08936","0.07710","52.08M","6.78%"
"2019년 06월 09일","0.08248","0.08601","0.09262","0.07713","54.24M","-4.11%"
"2019년 06월 08일","0.08601","0.07681","0.08976","0.07594","56.58M","11.99%"
"2019년 06월 07일","0.07681","0.07607","0.08367","0.07264","54.50M","0.97%"
"2019년 06월 06일","0.07607","0.08121","0.08251","0.07184","53.57M","-6.33%"
"2019년 06월 05일","0.08121","0.07475","0.08273","0.07225","55.29M","8.65%"
"2019년 06월 04일","0.07475","0.08488","0.08488","0.07198","53.89M","-11.94%"
"2019년 06월 03일","0.08488","0.08912","0.08974","0.07961","53.41M","-4.76%"
"2019년 06월 02일","0.08912","0.08119","0.09046","0.07950","52.36M","9.77%"
"2019년 06월 01일","0.08119","0.08139","0.08634","0.07825","52.35M","-0.25%"
"2019년 05월 31일","0.08139","0.08044","0.08580","0.07603","52.61M","1.19%"
"2019년 05월 30일","0.08044","0.08164","0.09226","0.07597","55.69M","-1.48%"
"2019년 05월 29일","0.08164","0.08540","0.08908","0.07654","51.45M","-4.40%"
"2019년 05월 28일","0.08540","0.08731","0.08961","0.07773","51.56M","-2.18%"
"2019년 05월 27일","0.08731","0.08599","0.08984","0.07555","55.64M","1.53%"
"2019년 05월 26일","0.08599","0.08667","0.09244","0.07465","58.62M","-0.79%"
"2019년 05월 25일","0.08667","0.07345","0.08730","0.07023","57.41M","17.99%"
"2019년 05월 24일","0.07345","0.07724","0.09022","0.07006","58.70M","-4.90%"
"2019년 05월 23일","0.07724","0.07164","0.08374","0.06758","57.29M","7.81%"
"2019년 05월 22일","0.07164","0.06917","0.10420","0.06850","56.12M","3.58%"
"2019년 05월 21일","0.06917","0.06752","0.08244","0.06627","58.40M","2.43%"
"2019년 05월 20일","0.06752","0.07206","0.07978","0.06481","59.08M","-6.29%"
"2019년 05월 19일","0.07206","0.07151","0.08304","0.06492","57.06M","0.76%"
"2019년 05월 18일","0.07151","0.06435","0.08067","0.06319","60.98M","11.14%"
"2019년 05월 17일","0.06435","0.07946","0.08291","0.06274","58.88M","-19.02%"
"2019년 05월 16일","0.07946","0.07401","0.09323","0.06686","60.69M","7.37%"
"2019년 05월 15일","0.07401","0.07409","0.09370","0.06471","62.66M","-0.13%"
"2019년 05월 14일","0.07410","0.07115","0.07997","0.06160","59.27M","4.15%"
"2019년 05월 13일","0.07115","0.06437","0.07398","0.06146","58.73M","10.54%"
"2019년 05월 12일","0.06437","0.07256","0.07508","0.06157","61.34M","-11.29%"
"2019년 05월 11일","0.07256","0.06352","0.07517","0.06116","61.18M","14.23%"
"2019년 05월 10일","0.06352","0.06685","0.08211","0.06042","57.12M","-4.99%"
"2019년 05월 09일","0.06685","0.06746","0.07480","0.06479","58.28M","-0.90%"
"2019년 05월 08일","0.06746","0.06775","0.07742","0.06404","58.14M","-1.36%"
"2019년 05월 07일","0.06839","0.06436","0.08001","0.06218","65.52M","4.07%"
"2019년 05월 06일","0.06571","0.06419","0.08570","0.05861","65.25M","2.38%"
"2019년 05월 05일","0.06419","0.06597","0.06949","0.05895","63.14M","-2.70%"
"2019년 05월 04일","0.06597","0.06485","0.07000","0.05912","61.57M","1.72%"
"2019년 05월 03일","0.06485","0.05993","0.07219","0.05806","59.88M","8.21%"
"2019년 05월 02일","0.05993","0.06757","0.07217","0.05844","59.34M","-11.31%"
"2019년 05월 01일","0.06757","0.07166","0.09438","0.06399","58.51M","-5.71%"
"2019년 04월 30일","0.07166","0.06870","0.09370","0.06328","60.69M","2.30%"
"2019년 04월 29일","0.07005","0.07112","0.07487","0.06383","60.90M","4.74%"
"2019년 04월 28일","0.06688","0.06754","0.10083","0.05754","61.13M","-0.97%"
"2019년 04월 27일","0.06754","0.05910","0.07295","0.05760","57.75M","14.28%"
"2019년 04월 26일","0.05910","0.07172","0.07224","0.05741","61.22M","-17.60%"
"2019년 04월 25일","0.07172","0.07523","0.07763","0.07066","55.11M","-4.66%"
"2019년 04월 24일","0.07523","0.08031","0.09392","0.07204","57.02M","-6.32%"
"2019년 04월 23일","0.08031","0.07933","0.10447","0.07667","58.72M","1.22%"
"2019년 04월 22일","0.07933","0.07701","0.08012","0.07569","53.55M","3.03%"
"2019년 04월 21일","0.07700","0.08096","0.08106","0.07480","42.57M","-4.89%"
"2019년 04월 20일","0.08096","0.08102","0.08184","0.07994","42.86M","-0.08%"
"2019년 04월 19일","0.08102","0.08030","0.08119","0.07983","43.72M","0.90%"
"2019년 04월 18일","0.08030","0.07797","0.08314","0.07794","44.18M","2.99%"
"2019년 04월 17일","0.07797","0.07812","0.07938","0.07656","49.29M","-0.20%"
"2019년 04월 16일","0.07812","0.07530","0.07959","0.07527","62.61M","3.75%"
"2019년 04월 15일","0.07530","0.08005","0.08111","0.07507","50.75M","-5.94%"
"2019년 04월 14일","0.08005","0.07699","0.08018","0.07682","42.89M","3.98%"
"2019년 04월 13일","0.07699","0.07809","0.07903","0.07582","40.58M","-1.41%"
"2019년 04월 12일","0.07809","0.07512","0.07986","0.07289","39.07M","3.95%"
"2019년 04월 11일","0.07512","0.08504","0.08587","0.07348","44.91M","-11.66%"
"2019년 04월 10일","0.08504","0.08461","0.08713","0.08445","39.52M","0.50%"
"2019년 04월 09일","0.08461","0.08974","0.08975","0.06509","36.45M","-5.72%"
"2019년 04월 08일","0.08974","0.09421","0.09623","0.08875","39.75M","-4.74%"
"2019년 04월 07일","0.09421","0.09156","0.09440","0.09093","38.97M","2.89%"
"2019년 04월 06일","0.09156","0.09230","0.09490","0.09069","31.11M","-0.73%"
"2019년 04월 05일","0.09224","0.08923","0.09230","0.06973","28.40M","3.38%"
"2019년 04월 04일","0.08923","0.08956","0.09389","0.07108","28.66M","-0.32%"
"2019년 04월 03일","0.08951","0.09558","0.09802","0.05028","42.90M","-6.39%"
"2019년 04월 02일","0.09562","0.09178","0.10766","0.04443","44.89M","4.19%"
"2019년 04월 01일","0.09178","0.08425","0.09379","0.08351","42.77M","8.94%"
"2019년 03월 31일","0.08425","0.08470","0.08617","0.08182","44.01M","-0.54%"
"2019년 03월 30일","0.08470","0.08234","0.08735","0.08089","45.89M","2.87%"
"2019년 03월 29일","0.08234","0.08002","0.08306","0.07987","43.05M","2.90%"
"2019년 03월 28일","0.08002","0.08018","0.08019","0.07891","42.86M","-0.20%"
"2019년 03월 27일","0.08018","0.07695","0.08144","0.07693","45.05M","4.20%"
"2019년 03월 26일","0.07695","0.07895","0.07911","0.07594","42.76M","-2.53%"
"2019년 03월 25일","0.07895","0.08095","0.08203","0.07797","36.75M","-2.47%"
"2019년 03월 24일","0.08095","0.08106","0.08106","0.07903","36.16M","-0.14%"
"2019년 03월 23일","0.08106","0.08092","0.08106","0.08090","36.78M","0.17%"
"2019년 03월 22일","0.08092","0.07982","0.08202","0.07982","36.34M","1.38%"
"2019년 03월 21일","0.07982","0.08130","0.08822","0.07883","40.33M","-1.82%"
"2019년 03월 20일","0.08130","0.07807","0.11430","0.07693","42.02M","4.13%"
"2019년 03월 19일","0.07807","0.07304","0.07808","0.07302","40.57M","6.89%"
"2019년 03월 18일","0.07304","0.07685","0.07690","0.07296","33.62M","-4.95%"
"2019년 03월 17일","0.07685","0.07695","0.07789","0.07684","37.87M","-0.13%"
"2019년 03월 16일","0.07695","0.07784","0.08159","0.07596","63.94M","-1.15%"
"2019년 03월 15일","0.07784","0.07200","0.08190","0.07199","68.38M","8.11%"
"2019년 03월 14일","0.07200","0.07583","0.07653","0.04812","70.95M","-5.05%"
"2019년 03월 13일","0.07583","0.07630","0.09039","0.05120","79.55M","-0.62%"
"2019년 03월 12일","0.07630","0.06604","0.15829","0.06490","94.28M","15.53%"
"2019년 03월 11일","0.06604","0.06496","0.06705","0.06198","75.74M","1.66%"
"2019년 03월 10일","0.06497","0.06692","0.06700","0.06397","67.60M","-2.91%"
"2019년 03월 09일","0.06692","0.06096","0.06884","0.06094","54.05M","9.78%"
"2019년 03월 08일","0.06096","0.06098","0.06203","0.05901","51.93M","-0.04%"
"2019년 03월 07일","0.06098","0.05899","0.06099","0.05802","40.66M","3.37%"
"2019년 03월 06일","0.05899","0.05812","0.05909","0.05801","28.38M","1.50%"
"2019년 03월 05일","0.05812","0.05701","0.06002","0.05696","20.63M","1.96%"
"2019년 03월 04일","0.05701","0.06084","0.06088","0.05581","14.68M","-6.30%"
"2019년 03월 03일","0.06084","0.06272","0.06400","0.05840","7.74M","-3.00%"
"2019년 03월 02일","0.06272","0.06099","0.06347","0.06098","1.47M","2.85%"
"2019년 03월 01일","0.06099","0.05994","0.06101","0.05897","52.04M","1.75%"
"2019년 02월 28일","0.05994","0.06001","0.06002","0.05895","69.84M","-0.12%"
"2019년 02월 27일","0.06001","0.05801","0.06302","0.05800","81.39M","3.45%"
"2019년 02월 26일","0.05801","0.05500","0.06008","0.05401","89.41M","5.47%"
"2019년 02월 25일","0.05500","0.05786","0.05888","0.05307","86.47M","-4.94%"
"2019년 02월 24일","0.05786","0.06101","0.06889","0.05496","76.99M","-5.16%"
"2019년 02월 23일","0.06101","0.05901","0.06103","0.05803","82.62M","3.39%"
"2019년 02월 22일","0.05901","0.05799","0.05901","0.05799","82.29M","1.75%"
"2019년 02월 21일","0.05799","0.05704","0.06003","0.05703","82.37M","1.67%"
"2019년 02월 20일","0.05704","0.05798","0.05901","0.05697","84.41M","-1.63%"
"2019년 02월 19일","0.05798","0.05803","0.05900","0.05604","85.27M","-0.07%"
"2019년 02월 18일","0.05803","0.05886","0.05996","0.05696","85.47M","-1.42%"
"2019년 02월 17일","0.05886","0.05232","0.06600","0.05222","94.78M","12.30%"
"2019년 02월 16일","0.05241","0.05057","0.05835","0.05057","2.46M","3.65%"
"2019년 02월 15일","0.05057","0.04992","0.05139","0.04982","257.50K","1.31%"
"2019년 02월 14일","0.04992","0.05054","0.05101","0.04961","527.82K","-1.24%"
"2019년 02월 13일","0.05054","0.05240","0.05280","0.04983","613.34K","-3.54%"
"2019년 02월 12일","0.05240","0.05348","0.05359","0.05200","1.08M","-2.03%"
"2019년 02월 11일","0.05348","0.05350","0.05560","0.05269","1.33M","-0.03%"
"2019년 02월 10일","0.05350","0.05020","0.05900","0.05020","6.30M","6.58%"
"2019년 02월 09일","0.05020","0.05130","0.05140","0.04900","4.11M","-1.96%"
"2019년 02월 08일","0.05120","0.04600","0.05990","0.04600","5.09M","11.31%"
"2019년 02월 07일","0.04600","0.04479","0.04850","0.04440","1.07M","2.70%"
"2019년 02월 06일","0.04479","0.04650","0.04660","0.04439","293.06K","-3.66%"
"2019년 02월 05일","0.04650","0.04750","0.04800","0.04610","603.88K","-2.11%"
"2019년 02월 04일","0.04750","0.04722","0.04790","0.04703","83.55K","0.59%"
"2019년 02월 03일","0.04722","0.04807","0.04817","0.04687","88.78K","-1.77%"
"2019년 02월 02일","0.04807","0.04760","0.04835","0.04646","168.21K","0.99%"
"2019년 02월 01일","0.04760","0.04760","0.04810","0.04660","485.28K","0.00%"
"2019년 01월 31일","0.04760","0.04900","0.04950","0.04750","845.18K","-2.86%"
"2019년 01월 30일","0.04900","0.04899","0.04990","0.04850","169.05K","0.01%"
"2019년 01월 29일","0.04899","0.04820","0.04967","0.04722","254.53K","1.64%"
"2019년 01월 28일","0.04820","0.05100","0.05129","0.04781","282.80K","-5.49%"
"2019년 01월 27일","0.05100","0.05370","0.05410","0.05032","261.06K","-5.03%"
"2019년 01월 26일","0.05370","0.05281","0.05400","0.05250","207.65K","1.70%"
"2019년 01월 25일","0.05281","0.05303","0.05334","0.05186","189.22K","-0.41%"
"2019년 01월 24일","0.05303","0.05179","0.05400","0.05101","153.83K","2.39%"
"2019년 01월 23일","0.05179","0.05264","0.05350","0.05092","463.04K","-1.62%"
"2019년 01월 22일","0.05264","0.05202","0.05307","0.05048","300.21K","1.18%"
"2019년 01월 21일","0.05202","0.05130","0.05271","0.05090","257.70K","1.61%"
"2019년 01월 20일","0.05120","0.05493","0.05512","0.05040","539.00K","-6.79%"
"2019년 01월 19일","0.05493","0.05225","0.05643","0.05207","951.74K","5.13%"
"2019년 01월 18일","0.05225","0.05549","0.05558","0.05203","575.42K","-5.83%"
"2019년 01월 17일","0.05549","0.05083","0.05549","0.05083","1.16M","9.16%"
"2019년 01월 16일","0.05083","0.04831","0.05257","0.04802","463.97K","5.22%"
"2019년 01월 15일","0.04831","0.04894","0.05147","0.04782","514.94K","-1.28%"
"2019년 01월 14일","0.04894","0.04621","0.04982","0.04612","502.76K","5.90%"
"2019년 01월 13일","0.04621","0.04897","0.05191","0.04584","2.19M","-5.63%"
"2019년 01월 12일","0.04897","0.04872","0.05036","0.04762","677.50K","0.52%"
"2019년 01월 11일","0.04872","0.04910","0.05771","0.04781","521.80K","-0.78%"
"2019년 01월 10일","0.04910","0.05560","0.05627","0.04766","977.12K","-11.69%"
"2019년 01월 09일","0.05560","0.05524","0.05638","0.05512","503.26K","0.64%"
"2019년 01월 08일","0.05524","0.05594","0.05807","0.05437","788.56K","-1.24%"
"2019년 01월 07일","0.05594","0.05678","0.05767","0.05531","904.98K","-1.48%"
"2019년 01월 06일","0.05678","0.05411","0.05848","0.05352","2.00M","4.93%"
"2019년 01월 05일","0.05411","0.05385","0.05493","0.05385","440.00K","0.48%"
"2019년 01월 04일","0.05385","0.05323","0.05407","0.05289","414.96K","1.17%"
"2019년 01월 03일","0.05323","0.05460","0.05469","0.05274","545.18K","-2.51%"
"2019년 01월 02일","0.05460","0.05322","0.05502","0.05283","771.82K","2.59%"
"2019년 01월 01일","0.05322","0.05035","0.05329","0.04991","911.49K","5.71%"