날짜,시가*,고가,저가,종가**,거래량,시가총액
18-Apr-21,?232.24,?233.66,?204.54,?216.05,"?1,929,940","?39,812,725,479"
17-Apr-21,?228.92,?237.67,?213.17,?232.39,"?2,126,186","?42,823,818,591"
16-Apr-21,?241.86,?243.62,?198.58,?229.06,"?2,374,657","?42,209,921,951"
15-Apr-21,?240.52,?242.83,?237.37,?241.76,"?583,335","?44,549,842,288"
14-Apr-21,?256.81,?269.00,?213.69,?240.41,"?6,772,553","?44,300,994,589"
13-Apr-21,?246.04,?263.69,?232.72,?257.12,"?2,975,927","?47,380,849,342"
12-Apr-21,?258.54,?262.22,?246.06,?246.08,"?642,077","?45,347,073,670"
11-Apr-21,?280.88,?282.98,?256.96,?258.56,"?3,145,838","?47,646,377,090"
10-Apr-21,?259.15,?295.18,?258.16,?280.87,"?3,438,613","?51,757,849,925"
09-Apr-21,?225.82,?342.63,?224.36,?259.14,"?3,502,324","?47,753,032,436"
08-Apr-21,?231.88,?250.39,?221.67,?225.79,"?3,327,768","?41,607,708,511"
07-Apr-21,?335.60,?335.60,?199.15,?232.31,"?9,554,118","?42,808,871,199"
06-Apr-21,?363.35,?374.80,?306.03,?335.36,"?42,136,050,376","?61,798,450,881"
05-Apr-21,?417.01,?430.69,?340.53,?360.38,"?39,832,867,558","?66,408,944,943"
04-Apr-21,?374.38,?435.78,?374.38,?414.20,"?75,967,384,290","?76,326,918,541"
03-Apr-21,?457.35,?457.35,?353.16,?375.42,"?65,456,537,077","?69,180,151,202"
02-Apr-21,?348.14,?502.88,?348.14,?458.35,"?270,512,250,408","?84,462,731,170"
01-Apr-21,?321.17,?363.75,?308.25,?349.04,"?57,513,838,674","?64,319,603,726"
31-Mar-21,?316.35,?322.04,?281.44,?320.39,"?41,048,068,531","?59,039,096,306"
30-Mar-21,?287.00,?368.42,?279.23,?314.45,"?162,120,912,528","?57,945,550,441"
29-Mar-21,?262.34,?306.85,?251.85,?287.05,"?56,701,160,128","?52,896,663,620"
28-Mar-21,?257.48,?264.24,?247.68,?264.19,"?18,372,013,358","?48,683,947,562"
27-Mar-21,?243.35,?265.12,?239.64,?257.46,"?44,637,414,175","?47,444,034,853"
26-Mar-21,?227.46,?245.42,?223.30,?242.43,"?19,283,984,020","?44,674,243,790"
25-Mar-21,?242.49,?247.12,?212.19,?227.46,"?27,044,759,468","?41,914,723,427"
24-Mar-21,?266.27,?273.82,?239.43,?244.37,"?26,695,459,567","?45,030,703,021"
23-Mar-21,?296.46,?296.46,?237.30,?268.67,"?57,284,668,620","?49,509,608,801"
22-Mar-21,?238.52,?328.90,?220.04,?291.83,"?224,436,896,268","?53,776,230,157"
21-Mar-21,?191.30,?241.47,?186.47,?236.51,"?37,161,372,700","?43,583,623,387"
20-Mar-21,?222.72,?255.35,?183.57,?192.21,"?43,069,946,799","?35,419,638,062"
19-Mar-21,?183.96,?229.17,?173.36,?220.81,"?86,255,550,540","?40,689,422,411"
18-Mar-21,?180.64,?188.69,?165.67,?184.74,"?31,298,371,506","?34,042,163,817"
17-Mar-21,?162.58,?195.95,?142.27,?180.64,"?60,570,189,879","?33,286,612,639"
16-Mar-21,?164.02,?173.38,?153.84,?162.53,"?36,627,165","?29,950,090,734"
15-Mar-21,?157.90,?172.16,?134.81,?164.02,"?20,137,223","?30,224,533,319"
14-Mar-21,?161.78,?179.25,?136.58,?159.75,"?27,522,635,295","?29,438,433,274"
13-Mar-21,?128.53,?179.29,?127.83,?161.78,"?56,380,176,232","?29,811,204,003"
12-Mar-21,?148.83,?158.68,?121.48,?128.54,"?169,175","?23,685,914,888"
11-Mar-21,?121.85,?169.05,?114.23,?147.86,"?93,419,890,727","?27,247,051,418"
10-Mar-21,?130.26,?134.04,?105.07,?121.84,"?5,250,144","?22,452,515,645"
09-Mar-21,?101.82,?132.66,?100.68,?130.36,"?3,067,386,747","?24,021,775,536"
08-Mar-21,?107.15,?112.63,?93.91,?101.82,"?579,449,324","?18,761,990,712"
07-Mar-21,?109.56,?109.92,?95.90,?107.98,"?7,787,403,588","?19,897,538,545"
06-Mar-21,?94.18,?112.23,?91.21,?109.67,"?27,673,025,501","?20,209,074,245"
05-Mar-21,?89.65,?106.19,?83.75,?93.70,"?362,842,200","?17,267,169,042"
04-Mar-21,?90.83,?97.28,?84.98,?89.64,"?465,781,620","?16,517,597,559"
03-Mar-21,?78.90,?94.39,?75.67,?90.65,"?765,498,433","?16,703,720,761"
02-Mar-21,?80.76,?85.49,?74.67,?78.90,"?193,746,466","?14,539,557,644"
01-Mar-21,?72.68,?85.89,?72.67,?80.74,"?289,480,691","?14,877,791,557"
28-Feb-21,?82.23,?82.23,?67.42,?72.68,"?438,040,317","?13,393,426,305"
27-Feb-21,?85.44,?90.39,?67.86,?82.23,"?473,053,210","?15,152,337,512"
26-Feb-21,?76.62,?95.47,?71.81,?85.18,"?5,631,546,106","?15,697,349,891"
25-Feb-21,?72.52,?90.58,?69.87,?76.85,"?233,894,325","?14,162,175,360"
24-Feb-21,?72.82,?78.94,?66.41,?72.45,"?240,334,555","?13,350,641,237"
23-Feb-21,?92.54,?92.54,?56.50,?72.47,"?14,909,458,378","?13,353,567,379"
22-Feb-21,?94.47,?108.63,?76.29,?91.54,"?22,531,468,545","?16,868,046,661"
21-Feb-21,?89.45,?101.73,?85.79,?94.46,"?16,017,776","?17,406,527,060"
20-Feb-21,?93.24,?95.26,?84.60,?89.14,"?12,186,577,144","?16,426,902,282"
19-Feb-21,?80.74,?103.35,?80.62,?93.24,"?2,411,357,777","?17,181,686,245"
18-Feb-21,?80.82,?95.78,?72.94,?80.75,"?2,857,295","?14,880,940,257"
17-Feb-21,?65.19,?91.53,?63.64,?80.59,"?69,715,080,370","?14,851,217,669"
16-Feb-21,?64.02,?65.85,?61.49,?65.28,"?4,130,505,696","?12,029,591,424"
15-Feb-21,?67.84,?70.66,?58.08,?64.82,"?7,271,857,528","?11,944,013,779"
14-Feb-21,?71.79,?72.40,?64.12,?67.67,"?8,226,011,042","?12,469,385,900"
13-Feb-21,?64.28,?75.39,?63.20,?71.81,"?40,795,976,437","?13,232,025,411"
12-Feb-21,?62.80,?64.54,?59.27,?64.36,"?9,028,375,340","?11,860,568,670"
11-Feb-21,?57.89,?62.87,?57.53,?62.87,"?5,077,054,360","?11,586,158,714"
10-Feb-21,?56.93,?58.84,?55.03,?58.06,"?3,870,413,375","?10,698,297,659"
09-Feb-21,?54.79,?57.24,?53.96,?57.02,"?3,683,774,415","?10,506,735,464"
08-Feb-21,?54.74,?55.35,?53.03,?54.64,"?1,848,181,930","?10,067,927,052"
07-Feb-21,?55.85,?55.85,?53.03,?54.74,"?1,378,241,761","?10,088,052,400"
06-Feb-21,?58.06,?58.06,?54.26,?55.77,"?1,991,842,071","?10,276,146,282"
05-Feb-21,?55.68,?58.12,?54.41,?58.06,"?5,466,616,897","?10,698,468,038"
04-Feb-21,?53.62,?60.53,?50.88,?55.68,"?10,845,022,360","?10,260,812,136"
03-Feb-21,?51.35,?54.09,?51.06,?53.62,"?2,209,028,218","?9,881,303,967"
02-Feb-21,?50.70,?51.71,?49.97,?51.35,"?1,303,597,491","?9,462,217,382"
01-Feb-21,?51.82,?53.72,?48.68,?50.76,"?2,264,558,515","?9,353,163,806"
31-Jan-21,?50.99,?54.78,?50.21,?51.80,"?29,776,602,384","?9,545,852,911"
30-Jan-21,?52.86,?52.95,?49.77,?50.99,"?26,599,592,350","?9,395,364,326"
29-Jan-21,?53.47,?54.55,?51.27,?52.86,"?27,456,452,745","?9,740,938,162"
28-Jan-21,?51.50,?54.33,?49.94,?53.47,"?26,929,916,205","?9,853,347,335"
27-Jan-21,?54.30,?55.20,?50.08,?51.50,"?13,426,275,813","?9,490,518,936"
26-Jan-21,?54.59,?55.12,?53.11,?54.30,"?750,513,433","?10,006,114,137"
25-Jan-21,?55.22,?55.75,?54.29,?54.85,"?52,736,789,874","?10,107,959,737"
24-Jan-21,?56.00,?56.45,?54.41,?55.22,"?27,362,347,525","?10,175,154,899"
23-Jan-21,?51.70,?56.83,?49.97,?55.96,"?28,925,939,090","?10,312,516,503"
22-Jan-21,?48.43,?58.45,?48.17,?51.59,"?341,456","?9,507,587,840"
21-Jan-21,?53.87,?57.32,?47.37,?48.49,"?178,878","?8,935,476,539"
20-Jan-21,?53.31,?60.79,?52.09,?53.97,"?57,503","?9,945,283,509"
19-Jan-21,?60.33,?61.46,?53.42,?53.42,"?143,680","?9,843,362,684"
18-Jan-21,?56.44,?60.63,?48.03,?59.34,"?3,672,791,452","?10,934,539,361"
17-Jan-21,?50.68,?60.24,?49.05,?56.35,"?7,342,987,327","?10,384,359,639"
16-Jan-21,?49.47,?57.91,?47.78,?50.69,"?427,332","?9,340,778,755"
15-Jan-21,?54.64,?57.20,?48.22,?49.35,"?786,689","?9,094,380,751"
14-Jan-21,?53.26,?56.13,?47.42,?54.64,"?39,505,099,664","?10,069,213,448"
13-Jan-21,?48.38,?54.28,?44.65,?53.26,"?603,252,199","?9,814,329,359"
12-Jan-21,?50.25,?52.19,?48.32,?48.32,"?146,218","?8,905,068,624"
11-Jan-21,?55.65,?55.74,?41.53,?50.25,"?53,903,456,718","?9,259,336,538"
10-Jan-21,?58.65,?59.10,?53.01,?55.67,"?4,218,155,524","?10,258,103,196"
09-Jan-21,?56.90,?59.31,?54.86,?58.20,"?7,615,202,341","?10,725,267,473"
08-Jan-21,?58.96,?60.70,?53.10,?56.81,"?5,239,467,361","?10,468,040,229"
07-Jan-21,?62.37,?62.37,?57.82,?58.96,"?11,368,107,844","?10,864,792,324"
06-Jan-21,?48.44,?69.57,?48.08,?62.18,"?72,463,997,073","?11,458,606,915"
05-Jan-21,?48.80,?53.27,?46.80,?48.44,"?79,806","?8,926,431,160"
04-Jan-21,?55.54,?57.84,?47.64,?48.80,"?455,005","?8,992,465,826"
03-Jan-21,?63.19,?65.15,?52.76,?54.98,"?511,212,251,050","?10,130,785,760"
02-Jan-21,?60.77,?68.13,?56.33,?58.67,"?63,801,903","?10,811,126,952"
01-Jan-21,?57.16,?66.57,?54.10,?60.77,"?2,605,370","?11,198,721,785"
31-Dec-20,?53.41,?59.42,?52.12,?57.16,"?35,730,766,270","?10,532,297,282"
30-Dec-20,?48.02,?56.47,?48.02,?53.26,"?1,334,340,123","?9,815,268,111"
29-Dec-20,?48.55,?49.83,?45.71,?48.02,"?1,505,809,724","?8,849,579,589"
28-Dec-20,?46.69,?57.15,?46.69,?49.90,"?8,717,765,491","?9,195,704,263"
27-Dec-20,?46.17,?51.98,?44.28,?46.69,"?4,437,801,282","?8,603,369,931"
26-Dec-20,?48.36,?48.41,?44.06,?45.93,"?499,069,738","?8,464,185,280"
25-Dec-20,?44.63,?51.02,?44.26,?48.28,"?1,047,083,455","?8,897,089,474"
24-Dec-20,?44.60,?46.45,?42.10,?44.62,"?100,847","?8,222,464,123"
23-Dec-20,?55.57,?56.67,?41.89,?44.98,"?2,935,909,797","?8,288,900,945"
22-Dec-20,?54.98,?58.72,?52.94,?55.46,"?5,778,959,372","?10,220,730,157"
21-Dec-20,?58.60,?58.79,?52.49,?54.98,"?5,223,746,722","?10,131,245,064"
20-Dec-20,?58.42,?60.18,?57.74,?58.26,"?380,683,092","?10,736,009,357"
19-Dec-20,?58.61,?60.01,?57.47,?58.42,"?2,389,222,870","?10,764,830,408"
18-Dec-20,?60.30,?61.83,?57.36,?59.04,"?2,476,379,997","?10,879,350,100"
17-Dec-20,?61.65,?62.00,?59.22,?60.64,"?2,945,864,800","?11,173,543,204"
16-Dec-20,?61.27,?68.34,?60.38,?61.57,"?15,727,183,632","?11,345,651,966"
15-Dec-20,?63.15,?63.15,?60.11,?61.32,"?2,898,016,256","?11,298,845,706"
14-Dec-20,?59.91,?66.58,?58.94,?63.15,"?9,218,990,065","?11,637,375,648"
13-Dec-20,?61.51,?61.51,?58.70,?59.91,"?2,737,614,045","?11,039,151,415"
12-Dec-20,?60.96,?62.99,?58.22,?61.60,"?4,390,115,276","?11,351,215,175"
11-Dec-20,?72.63,?72.72,?60.55,?61.51,"?6,565,469,687","?11,335,162,285"
10-Dec-20,?70.54,?78.50,?69.39,?72.35,"?14,581,744,878","?13,332,119,825"
09-Dec-20,?71.81,?77.88,?60.97,?70.51,"?3,710,540,560","?12,994,145,055"
08-Dec-20,?82.70,?125.41,?68.29,?71.40,"?17,113,079,163","?13,156,953,658"
07-Dec-20,?79.16,?88.11,?75.94,?82.98,"?4,179,992,889","?15,291,338,114"
06-Dec-20,?68.97,?79.38,?68.04,?79.16,"?1,376,104,099","?14,587,657,560"
05-Dec-20,?68.69,?70.37,?67.25,?69.04,"?895,416,835","?12,721,718,579"
04-Dec-20,?68.44,?75.06,?64.70,?68.85,"?5,438,096,022","?12,687,817,538"
03-Dec-20,?61.83,?69.14,?61.46,?68.53,"?1,445,498,208","?12,629,121,077"
02-Dec-20,?57.63,?69.55,?56.49,?62.55,"?4,332,464,950","?11,527,305,606"
01-Dec-20,?56.64,?58.58,?54.02,?57.38,"?1,048,950,917","?10,573,477,959"
30-Nov-20,?55.93,?58.71,?55.52,?56.64,"?968,385,711","?10,437,826,605"
29-Nov-20,?57.34,?57.50,?54.19,?55.93,"?723,245,909","?10,306,362,190"
28-Nov-20,?55.17,?61.63,?53.60,?57.71,"?1,914,801,271","?10,634,381,022"
27-Nov-20,?54.89,?79.59,?51.68,?55.22,"?7,141,624,082","?10,174,972,127"
26-Nov-20,?56.80,?60.30,?47.93,?54.89,"?1,279,570,844","?10,114,028,456"
25-Nov-20,?53.24,?87.99,?52.90,?56.68,"?18,881,534,144","?10,445,248,828"
24-Nov-20,?50.04,?53.20,?48.24,?52.88,"?2,545,328,303","?9,745,336,893"
23-Nov-20,?47.84,?54.47,?47.08,?50.23,"?1,799,933,667","?9,256,971,069"
22-Nov-20,?49.92,?50.24,?46.98,?47.84,"?223,961,941","?8,814,825,472"
21-Nov-20,?52.42,?53.04,?48.73,?49.92,"?295,267,918","?9,199,526,450"
20-Nov-20,?50.68,?53.60,?50.24,?52.42,"?261,234,501","?9,660,283,391"
19-Nov-20,?50.37,?52.66,?49.52,?50.68,"?349,050,821","?9,339,591,590"
18-Nov-20,?54.00,?56.02,?50.33,?50.37,"?1,811,643,114","?9,281,172,949"
17-Nov-20,?47.88,?62.07,?46.69,?54.00,"?3,772,823,810","?9,950,112,604"
16-Nov-20,?47.56,?48.37,?46.42,?47.78,"?283,052,590","?8,805,366,514"
15-Nov-20,?49.81,?49.81,?47.41,?47.56,"?259,778,938","?8,764,763,645"
14-Nov-20,?48.82,?50.18,?47.76,?49.81,"?245,021,819","?9,178,463,579"
13-Nov-20,?48.70,?50.94,?47.36,?48.82,"?299,748,303","?8,997,174,675"
12-Nov-20,?51.92,?52.34,?47.01,?48.69,"?416,359,070","?8,972,178,036"
11-Nov-20,?56.31,?57.37,?50.01,?51.92,"?403,313,805","?9,568,154,827"
10-Nov-20,?54.54,?56.72,?51.91,?56.31,"?685,699,890","?10,376,468,324"
09-Nov-20,?55.66,?56.25,?52.51,?54.54,"?1,577,330,165","?10,051,276,315"
08-Nov-20,?55.28,?57.56,?54.46,?55.66,"?395,049,667","?10,257,331,016"
07-Nov-20,?55.32,?58.40,?54.40,?55.28,"?562,502,514","?10,186,728,838"
06-Nov-20,?49.09,?55.48,?49.04,?55.32,"?627,170,293","?10,194,671,768"
05-Nov-20,?47.05,?53.62,?47.03,?49.09,"?1,137,913,309","?9,045,531,627"
04-Nov-20,?46.98,?47.74,?45.41,?47.05,"?445,736,805","?8,670,707,593"
03-Nov-20,?45.36,?48.54,?44.12,?46.97,"?475,210,200","?8,655,882,410"
02-Nov-20,?48.77,?49.03,?43.91,?45.36,"?1,624,924,784","?8,358,705,037"
01-Nov-20,?51.97,?51.97,?48.73,?48.77,"?270,754,114","?8,986,377,325"
31-Oct-20,?52.32,?55.29,?50.65,?51.97,"?327,433,190","?9,576,538,761"
30-Oct-20,?56.72,?59.73,?50.09,?52.32,"?542,347,709","?9,640,765,463"
29-Oct-20,?64.02,?68.11,?55.11,?56.71,"?1,074,220,956","?10,450,659,204"
28-Oct-20,?67.79,?67.79,?61.91,?64.02,"?670,453,781","?11,797,440,965"
27-Oct-20,?72.65,?73.10,?65.45,?67.78,"?3,322,890,901","?12,490,921,503"
26-Oct-20,?72.10,?73.45,?64.47,?72.65,"?1,268,796,529","?13,387,004,320"
25-Oct-20,?73.34,?73.95,?70.61,?72.10,"?572,216,004","?13,286,842,731"
24-Oct-20,?79.65,?80.45,?73.25,?73.34,"?821,337,210","?13,514,507,462"
23-Oct-20,?77.50,?81.86,?75.99,?79.65,"?1,662,761,183","?14,677,375,115"
22-Oct-20,?75.59,?77.67,?74.64,?77.56,"?585,020,910","?14,291,624,257"
21-Oct-20,?76.37,?78.75,?74.91,?75.52,"?753,617,010","?13,915,911,522"
20-Oct-20,?71.11,?79.75,?69.10,?76.45,"?5,181,780,741","?14,088,531,204"
19-Oct-20,?74.15,?75.70,?71.04,?71.11,"?548,235,721","?13,103,813,361"
18-Oct-20,?75.85,?76.48,?72.28,?74.15,"?571,536,287","?13,663,237,226"
17-Oct-20,?78.00,?78.74,?74.44,?75.79,"?473,834,407","?13,966,995,090"
16-Oct-20,?76.09,?80.71,?73.51,?78.00,"?3,017,543,675","?14,374,160,451"
15-Oct-20,?74.12,?76.79,?71.71,?76.06,"?1,288,612,686","?14,015,427,273"
14-Oct-20,?66.85,?81.49,?65.67,?74.11,"?2,640,751,968","?13,655,934,926"
13-Oct-20,?67.92,?68.55,?65.95,?66.71,"?621,157,336","?12,292,351,177"
12-Oct-20,?68.89,?70.41,?66.83,?68.01,"?949,925,489","?12,532,839,552"
11-Oct-20,?67.81,?69.37,?67.12,?68.85,"?885,326,467","?12,686,553,908"
10-Oct-20,?67.93,?70.05,?67.34,?67.81,"?793,822,772","?12,496,532,947"
09-Oct-20,?67.33,?69.07,?67.03,?67.93,"?558,353,597","?12,518,355,491"
08-Oct-20,?66.39,?69.42,?65.62,?67.63,"?735,501,564","?12,462,965,151"
07-Oct-20,?64.78,?69.82,?64.47,?66.35,"?1,205,953,358","?12,227,274,991"
06-Oct-20,?79.89,?80.10,?64.31,?64.78,"?1,588,118,623","?11,937,000,031"
05-Oct-20,?81.62,?83.27,?79.14,?80.12,"?1,259,605,444","?14,764,603,285"
04-Oct-20,?82.51,?83.10,?80.82,?81.62,"?329,717,675","?15,039,624,587"
03-Oct-20,?84.18,?85.66,?81.66,?82.53,"?402,616,008","?15,207,962,134"
02-Oct-20,?85.30,?88.78,?79.67,?84.53,"?1,467,099,400","?15,576,439,770"
01-Oct-20,?88.39,?89.30,?82.29,?85.24,"?1,518,972,171","?15,707,707,811"
30-Sep-20,?91.30,?91.31,?86.74,?88.39,"?1,629,097,700","?16,288,527,266"
29-Sep-20,?92.60,?95.90,?88.44,?91.89,"?2,052,415,800","?16,933,389,772"
28-Sep-20,?96.27,?97.16,?92.60,?92.60,"?1,989,815,584","?17,063,228,056"
27-Sep-20,?96.79,?98.67,?93.32,?96.36,"?1,581,445,173","?17,756,846,123"
26-Sep-20,?96.27,?100.52,?96.27,?97.81,"?923,770,976","?18,023,852,185"
25-Sep-20,?94.78,?99.32,?94.23,?96.37,"?1,546,563,772","?17,758,239,986"
24-Sep-20,?92.36,?97.63,?89.72,?94.94,"?2,216,957,380","?17,494,729,645"
23-Sep-20,?94.53,?99.24,?91.26,?91.35,"?2,289,579,320","?16,833,207,239"
22-Sep-20,?87.45,?98.90,?87.45,?94.53,"?3,605,527,941","?17,419,583,404"
21-Sep-20,?96.09,?97.82,?84.00,?87.29,"?2,366,560,531","?16,084,926,775"
20-Sep-20,?95.03,?98.67,?91.26,?96.09,"?2,115,131,224","?17,707,511,345"
19-Sep-20,?83.39,?104.10,?82.71,?95.80,"?4,347,857,779","?17,653,170,389"
18-Sep-20,?84.01,?88.02,?80.82,?83.40,"?1,875,771,615","?15,368,749,832"
17-Sep-20,?86.79,?86.95,?80.90,?84.01,"?1,445,932,251","?15,480,601,875"
16-Sep-20,?85.91,?87.61,?80.18,?86.79,"?3,389,960,578","?15,992,993,724"
15-Sep-20,?89.06,?90.60,?85.23,?85.91,"?3,432,687,196","?15,831,096,364"
14-Sep-20,?94.87,?95.61,?88.14,?89.06,"?2,091,994,121","?16,411,745,110"
13-Sep-20,?92.51,?99.18,?91.17,?94.87,"?2,386,602,296","?17,482,858,064"
12-Sep-20,?87.04,?95.72,?85.57,?92.63,"?2,432,192,136","?17,069,813,400"
11-Sep-20,?88.28,?101.23,?82.99,?87.11,"?3,786,337,755","?16,052,915,941"
10-Sep-20,?77.91,?88.94,?77.37,?88.28,"?2,543,226,078","?16,267,598,661"
09-Sep-20,?73.97,?78.56,?73.71,?77.91,"?1,560,468,740","?14,356,040,629"
08-Sep-20,?77.14,?78.94,?73.00,?73.97,"?1,750,661,253","?13,630,813,675"
07-Sep-20,?78.58,?79.94,?73.24,?77.13,"?2,071,467,864","?14,212,544,660"
06-Sep-20,?77.12,?79.16,?74.27,?78.79,"?2,066,972,794","?14,519,473,528"
05-Sep-20,?79.81,?83.46,?72.89,?77.12,"?3,196,709,537","?14,211,581,122"
04-Sep-20,?80.43,?84.03,?73.87,?79.62,"?3,659,255,500","?14,672,592,220"
03-Sep-20,?99.04,?99.83,?80.03,?80.66,"?6,745,887,411","?14,863,136,231"
02-Sep-20,?105.35,?105.89,?88.27,?99.14,"?6,534,391,649","?18,268,163,865"
01-Sep-20,?100.34,?109.81,?99.27,?104.94,"?6,035,039,247","?19,338,644,303"
31-Aug-20,?102.55,?105.13,?99.36,?100.35,"?5,047,223,807","?18,491,221,563"
30-Aug-20,?102.84,?109.40,?101.08,?102.89,"?6,070,221,574","?18,960,677,145"
29-Aug-20,?103.88,?103.89,?98.69,?103.02,"?5,783,482,238","?18,983,692,453"
28-Aug-20,?99.66,?108.55,?98.20,?103.10,"?6,036,452,104","?18,998,034,795"
27-Aug-20,?108.35,?110.10,?99.58,?99.65,"?4,945,591,011","?18,362,885,945"
26-Aug-20,?108.95,?111.24,?106.78,?108.51,"?1,975,509,254","?19,995,420,373"
25-Aug-20,?113.47,?114.00,?105.21,?108.34,"?6,061,138,867","?19,963,728,655"
24-Aug-20,?111.96,?116.17,?108.42,?113.46,"?5,526,394,136","?20,908,254,744"
23-Aug-20,?109.03,?112.59,?105.78,?111.42,"?4,597,248,928","?20,531,689,198"
22-Aug-20,?108.99,?113.73,?102.05,?109.55,"?4,816,940,866","?20,187,937,180"
21-Aug-20,?117.89,?130.28,?107.03,?109.02,"?11,648,325,047","?20,089,609,475"
20-Aug-20,?104.77,?118.81,?104.76,?117.70,"?5,982,473,531","?21,689,311,142"
19-Aug-20,?114.88,?117.48,?102.04,?104.77,"?6,290,705,247","?19,305,898,810"
18-Aug-20,?104.56,?117.04,?97.59,?113.98,"?7,585,953,187","?21,002,944,933"
17-Aug-20,?115.12,?116.01,?100.69,?106.58,"?6,087,051,586","?19,639,484,075"
16-Aug-20,?119.49,?124.69,?111.55,?115.12,"?7,028,891,395","?21,214,299,171"
15-Aug-20,?117.94,?130.52,?107.66,?120.00,"?13,478,900,609","?22,113,636,555"
14-Aug-20,?82.17,?146.35,?82.14,?118.12,"?46,588,011,361","?21,766,343,890"
13-Aug-20,?76.53,?88.69,?74.60,?82.21,"?10,081,910,684","?15,148,933,885"
12-Aug-20,?71.11,?79.41,?68.24,?76.69,"?6,530,661,920","?14,132,966,343"
11-Aug-20,?69.24,?75.66,?67.67,?70.70,"?4,898,466,252","?13,027,343,057"
10-Aug-20,?73.83,?74.71,?68.93,?69.24,"?2,510,640,323","?12,759,627,700"
09-Aug-20,?70.96,?81.76,?67.64,?73.83,"?10,065,797,148","?13,605,199,480"
08-Aug-20,?62.84,?73.62,?61.20,?71.02,"?9,488,820,226","?13,087,657,993"
07-Aug-20,?59.98,?65.43,?59.65,?62.73,"?8,086,553,617","?11,560,279,073"
06-Aug-20,?58.43,?61.55,?57.09,?60.10,"?3,156,953,878","?11,074,433,203"
05-Aug-20,?57.96,?59.88,?56.90,?58.43,"?3,145,178,811","?10,766,868,786"
04-Aug-20,?61.41,?63.70,?57.76,?57.82,"?7,605,409,082","?10,655,172,527"
03-Aug-20,?53.99,?63.55,?53.41,?61.41,"?7,537,981,379","?11,315,785,707"
02-Aug-20,?56.08,?56.63,?53.30,?53.97,"?7,240,896,788","?9,944,668,281"
01-Aug-20,?55.24,?59.57,?54.62,?56.14,"?7,327,516,046","?10,345,629,487"
31-Jul-20,?54.45,?64.41,?52.89,?55.03,"?12,169,859,314","?10,140,217,503"
30-Jul-20,?50.50,?55.15,?48.44,?54.45,"?3,285,223,054","?10,033,447,576"
29-Jul-20,?49.13,?51.06,?47.29,?50.50,"?2,589,379,876","?9,305,550,853"
28-Jul-20,?50.67,?52.18,?48.27,?49.28,"?3,073,951,168","?9,081,638,224"
27-Jul-20,?57.11,?59.22,?49.07,?50.18,"?5,831,672,573","?9,246,621,784"
26-Jul-20,?50.31,?62.69,?47.61,?57.11,"?9,488,712,881","?10,524,845,420"
25-Jul-20,?51.96,?53.08,?50.26,?50.31,"?4,576,723,122","?9,271,519,644"
24-Jul-20,?55.97,?59.58,?51.18,?52.00,"?6,138,837,568","?9,582,193,540"
23-Jul-20,?58.26,?67.02,?54.59,?55.97,"?14,884,301,320","?10,314,228,184"
22-Jul-20,?47.66,?58.72,?46.89,?58.26,"?6,203,934,620","?10,736,617,582"
21-Jul-20,?43.75,?50.92,?43.40,?47.79,"?5,540,527,134","?8,806,415,397"
20-Jul-20,?36.77,?47.03,?36.35,?43.75,"?3,249,852,009","?8,062,464,388"
19-Jul-20,?33.92,?38.36,?33.16,?36.72,"?818,124,917","?6,732,805,809"
18-Jul-20,?35.09,?36.83,?33.71,?33.92,"?192,827,883","?6,218,953,679"
17-Jul-20,?36.73,?37.39,?34.16,?35.09,"?353,975,867","?6,433,745,997"
16-Jul-20,?36.99,?41.77,?36.08,?36.66,"?1,508,341,694","?6,720,503,471"
15-Jul-20,?36.99,?38.29,?35.11,?37.23,"?935,991,275","?6,825,562,724"
14-Jul-20,?35.45,?37.92,?32.46,?36.99,"?329,775,456","?6,780,749,951"
13-Jul-20,?39.81,?39.97,?35.10,?35.45,"?662,612,929","?6,498,738,007"
12-Jul-20,?38.39,?44.44,?38.18,?39.81,"?957,498,608","?7,299,176,791"
11-Jul-20,?35.99,?39.48,?35.76,?38.32,"?1,046,620,998","?7,025,742,086"
10-Jul-20,?35.79,?37.53,?34.28,?35.92,"?1,377,457,339","?6,586,212,691"
09-Jul-20,?33.92,?37.06,?33.23,?35.79,"?1,527,519,974","?6,561,319,146"
08-Jul-20,?33.87,?35.42,?33.17,?33.92,"?1,752,333,100","?6,218,885,064"
07-Jul-20,?33.97,?34.75,?33.09,?33.87,"?2,934,780,702","?6,209,376,555"
06-Jul-20,?34.35,?35.32,?33.46,?33.97,"?3,197,517,844",?0
05-Jul-20,?33.12,?35.75,?33.12,?34.35,"?2,789,770,486",?0
04-Jul-20,?33.06,?34.74,?32.52,?33.12,"?2,391,057,545",?0
03-Jul-20,?32.72,?35.98,?31.54,?33.06,"?2,545,795,666",?0
02-Jul-20,?36.85,?38.08,?32.52,?32.68,"?3,683,316,834",?0
01-Jul-20,?37.39,?37.56,?35.67,?36.83,"?4,369,638,670",?0
30-Jun-20,?38.49,?40.03,?35.17,?37.44,"?4,939,555,081",?0
29-Jun-20,?39.47,?41.59,?38.36,?38.49,"?5,115,865,035",?0
28-Jun-20,?41.19,?42.59,?39.34,?39.62,"?4,177,367,885",?0
27-Jun-20,?38.72,?43.63,?36.91,?41.19,"?5,047,351,332",?0
26-Jun-20,?44.34,?47.61,?38.03,?38.95,"?5,636,090,280",?0
25-Jun-20,?54.47,?62.44,?42.75,?44.34,"?25,494,598,044",?0
24-Jun-20,?53.34,?54.59,?50.83,?54.20,"?2,930,390,005",?0
23-Jun-20,?52.36,?56.76,?49.02,?53.34,"?4,272,149,499",?0
22-Jun-20,?61.45,?62.60,?51.82,?52.42,"?9,121,801,672",?0
21-Jun-20,?42.28,?72.01,?42.07,?61.23,"?12,340,865,989",?0
20-Jun-20,?42.22,?43.85,?41.36,?42.24,"?2,675,427,378",?0
19-Jun-20,?42.17,?44.05,?41.05,?42.19,"?3,740,333,291",?0
18-Jun-20,?38.65,?43.97,?38.21,?42.31,"?4,025,101,968",?0
17-Jun-20,?38.86,?44.44,?37.82,?38.78,"?2,322,356,470",?0
16-Jun-20,?35.42,?39.79,?35.40,?38.86,"?1,628,128,598",?0
15-Jun-20,?35.87,?35.87,?31.91,?35.43,"?1,216,201,941",?0
14-Jun-20,?36.52,?37.40,?35.14,?35.87,"?1,405,336,510",?0
13-Jun-20,?38.87,?39.04,?35.92,?36.52,"?647,733,808",?0
12-Jun-20,?30.51,?38.73,?30.46,?38.73,"?1,256,213,211",?0
11-Jun-20,?39.13,?40.15,?30.50,?30.50,"?2,523,319,519",?0
10-Jun-20,?41.58,?42.39,?38.53,?39.14,"?2,961,075,785",?0
09-Jun-20,?45.53,?46.45,?39.21,?41.70,"?5,909,544,699",?0
08-Jun-20,?40.89,?47.52,?39.26,?45.30,"?5,748,908,488",?0
07-Jun-20,?36.07,?48.62,?35.87,?40.72,"?5,224,877,368",?0
06-Jun-20,?35.83,?38.32,?35.46,?36.07,"?2,152,607,577",?0
05-Jun-20,?33.64,?36.57,?32.59,?35.77,"?2,036,257,255",?0
04-Jun-20,?32.21,?33.84,?31.57,?33.64,"?893,073,977",?0
03-Jun-20,?31.40,?32.96,?31.09,?32.23,"?2,030,986,191",?0
02-Jun-20,?32.16,?34.27,?30.95,?31.40,"?2,025,484,598",?0
01-Jun-20,?32.64,?34.00,?30.18,?32.16,"?2,487,566,420",?0
31-May-20,?30.10,?35.89,?29.52,?32.78,"?5,290,550,251",?0
30-May-20,?31.86,?32.36,?30.15,?30.21,"?2,290,265,610",?0
29-May-20,?33.57,?36.63,?31.00,?31.87,"?2,381,744,693",?0
28-May-20,?39.62,?42.70,?33.16,?33.16,"?4,911,785,152",?0
27-May-20,?32.85,?48.57,?32.62,?39.66,"?8,773,245,702",?0
26-May-20,?29.56,?35.87,?28.15,?32.85,"?3,130,685,992",?0
25-May-20,?25.75,?31.35,?25.73,?29.59,"?4,740,598,795",?0
24-May-20,?31.13,?35.00,?25.55,?25.74,"?4,152,617,094",?0
23-May-20,?27.80,?32.88,?26.72,?31.07,"?5,099,809,828",?0
22-May-20,?23.89,?28.72,?23.19,?27.78,"?2,973,130,546",?0
21-May-20,?26.69,?28.97,?23.44,?23.89,"?3,172,424,187",?0
20-May-20,?22.78,?31.68,?22.28,?26.62,"?9,373,428,593",?0
19-May-20,?21.63,?24.74,?20.86,?22.78,"?3,355,850,482",?0
18-May-20,?22.41,?22.63,?20.72,?21.77,"?1,407,863,457",?0
17-May-20,?29.19,?29.78,?21.15,?22.44,"?3,298,010,416",?0
16-May-20,?22.55,?32.79,?22.32,?29.23,"?6,175,764,760",?0
15-May-20,?20.15,?23.50,?19.62,?22.58,"?2,290,808,852",?0
14-May-20,?20.16,?20.59,?18.69,?20.15,"?1,689,861,233",?0
13-May-20,?19.10,?20.45,?18.98,?20.16,"?1,982,357,222",?0
12-May-20,?19.34,?22.35,?18.82,?19.10,"?1,410,311,209",?0
11-May-20,?21.39,?21.66,?18.21,?19.43,"?878,037,734",?0
10-May-20,?22.23,?22.30,?20.39,?21.36,"?1,942,055,156",?0
09-May-20,?21.99,?24.10,?21.30,?22.19,"?1,645,264,964",?0
08-May-20,?20.87,?22.10,?20.82,?21.99,"?1,942,801,266",?0
07-May-20,?21.06,?21.57,?20.57,?20.87,"?1,058,952,158",?0
06-May-20,?23.77,?23.77,?20.72,?21.06,"?1,400,041,065",?0
05-May-20,?20.67,?24.26,?20.08,?23.77,"?3,274,326,579",?0
04-May-20,?21.68,?22.25,?19.87,?20.65,"?964,022,926",?0
03-May-20,?21.34,?25.40,?20.45,?21.68,"?3,092,569,714",?0
02-May-20,?22.06,?22.22,?19.74,?21.36,"?1,767,394,553",?0
01-May-20,?19.40,?24.80,?19.17,?22.02,"?4,560,820,952",?0
30-Apr-20,?19.74,?20.14,?19.17,?19.40,"?843,641,716",?0
29-Apr-20,?19.21,?20.01,?19.05,?19.74,"?2,238,349,388",?0
28-Apr-20,?19.15,?19.33,?18.77,?19.20,"?237,713,483",?0
27-Apr-20,?19.03,?19.69,?18.77,?19.15,"?974,893,791",?0
26-Apr-20,?18.47,?19.96,?18.28,?19.03,"?1,273,393,031",?0
25-Apr-20,?18.24,?18.98,?17.83,?18.42,"?1,216,134,267",?0
24-Apr-20,?18.35,?18.74,?17.30,?18.24,"?1,078,395,068",?0
23-Apr-20,?19.19,?20.04,?17.77,?18.36,"?664,103,694",?0
22-Apr-20,?19.08,?20.19,?18.30,?19.19,"?457,571,393",?0
21-Apr-20,?19.38,?21.30,?17.87,?19.19,"?891,102,933",?0
20-Apr-20,?19.26,?20.10,?19.14,?19.36,"?318,450,773",?0
19-Apr-20,?19.19,?19.68,?19.17,?19.26,"?311,316,021",?0
18-Apr-20,?19.10,?19.79,?19.00,?19.19,"?348,804,154",?0
17-Apr-20,?19.37,?19.60,?18.85,?19.10,"?294,334,954",?0
16-Apr-20,?18.86,?19.67,?18.18,?19.37,"?412,368,153",?0
15-Apr-20,?20.04,?20.61,?18.75,?18.87,"?248,537,098",?0
14-Apr-20,?21.27,?21.27,?19.23,?20.04,"?298,603,206",?0
13-Apr-20,?21.83,?21.86,?20.74,?21.27,"?362,074,152",?0
12-Apr-20,?21.42,?22.10,?20.85,?21.83,"?295,553,098",?0
11-Apr-20,?21.43,?21.81,?20.96,?21.42,"?363,827,068",?0
10-Apr-20,?21.76,?22.15,?20.92,?21.43,"?430,635,067",?0
09-Apr-20,?22.55,?22.59,?21.14,?21.76,"?434,610,567",?0
08-Apr-20,?22.81,?22.84,?21.45,?22.56,"?555,373,852",?0
07-Apr-20,?20.13,?22.83,?19.90,?22.80,"?1,071,124,207",?0
06-Apr-20,?19.57,?20.28,?19.37,?20.13,"?193,088,239",?0
05-Apr-20,?19.70,?20.33,?19.14,?19.43,"?329,531,823",?0
04-Apr-20,?19.27,?20.56,?18.99,?19.70,"?347,027,965",?0
03-Apr-20,?19.22,?20.59,?18.93,?19.28,"?110,880,016",?0
02-Apr-20,?19.39,?20.89,?19.05,?19.22,"?370,607,551",?0
01-Apr-20,?19.66,?19.74,?18.92,?19.35,"?91,902,415",?0
31-Mar-20,?19.60,?20.07,?19.40,?19.66,"?288,951,914",?0
30-Mar-20,?19.62,?20.36,?19.12,?19.60,"?141,378,704",?0
29-Mar-20,?20.08,?20.88,?19.25,?19.62,"?355,689,812",?0
28-Mar-20,?21.77,?21.87,?19.38,?20.08,"?153,932,468",?0
27-Mar-20,?21.78,?22.10,?21.30,?21.78,"?156,530,972",?0
26-Mar-20,?21.55,?22.56,?21.11,?21.78,"?368,133,266",?0
25-Mar-20,?21.71,?22.03,?20.45,?21.55,"?325,932,748",?0
24-Mar-20,?24.63,?25.18,?21.26,?21.70,"?963,365,063",?0
23-Mar-20,?20.48,?25.90,?19.56,?24.59,"?1,309,319,811",?0
22-Mar-20,?21.59,?22.15,?20.06,?20.48,"?327,127,014",?0
21-Mar-20,?19.23,?23.05,?19.23,?21.59,"?929,499,650",?0
20-Mar-20,?19.56,?23.50,?18.74,?19.23,"?912,798,212",?0
19-Mar-20,?17.23,?24.05,?16.42,?19.56,"?803,965,757",?0
18-Mar-20,?17.00,?17.36,?16.36,?17.23,"?344,839,009",?0
17-Mar-20,?16.73,?17.48,?16.62,?17.00,"?125,465,702",?0
16-Mar-20,?18.80,?22.40,?16.54,?16.74,"?381,530,303",?0
15-Mar-20,?18.91,?20.94,?18.63,?18.81,"?279,509,825",?0
14-Mar-20,?17.56,?19.42,?17.46,?18.91,"?447,047,444",?0
13-Mar-20,?19.25,?19.25,?13.89,?17.58,"?708,559,791",?0
12-Mar-20,?32.83,?32.83,?19.24,?19.53,"?825,383,379",?0
11-Mar-20,?34.38,?34.61,?31.53,?32.83,"?544,994,109",?0
10-Mar-20,?33.69,?35.14,?33.06,?34.38,"?317,834,176",?0
09-Mar-20,?36.13,?36.41,?32.86,?33.70,"?589,760,629",?0
08-Mar-20,?36.39,?39.68,?35.18,?36.13,"?723,595,427",?0
07-Mar-20,?38.62,?42.49,?35.12,?36.39,"?2,656,144,430",?0
06-Mar-20,?34.46,?38.41,?33.81,?37.92,"?1,078,585,694",?0
05-Mar-20,?33.28,?35.20,?33.22,?34.47,"?400,179,646",?0
04-Mar-20,?34.73,?35.45,?31.65,?33.51,"?836,913,329",?0
03-Mar-20,?31.05,?35.93,?30.65,?34.65,"?1,097,727,863",?0
02-Mar-20,?30.12,?31.03,?30.04,?31.03,"?291,111,874",?0
01-Mar-20,?30.82,?31.26,?29.90,?30.12,"?313,177,318",?0
29-Feb-20,?31.07,?32.14,?30.78,?30.82,"?300,912,503",?0
28-Feb-20,?29.29,?34.64,?29.29,?30.94,"?740,916,068",?0
27-Feb-20,?30.08,?36.53,?26.87,?29.28,"?2,009,984,248",?0
26-Feb-20,?36.49,?37.77,?28.59,?30.08,"?1,427,371,113",?0
25-Feb-20,?33.50,?37.93,?33.31,?36.49,"?1,347,692,381",?0
24-Feb-20,?42.25,?42.34,?33.41,?33.50,"?2,005,764,667",?0
23-Feb-20,?41.94,?43.06,?41.18,?42.26,"?340,832,917",?0
22-Feb-20,?43.84,?44.35,?41.12,?41.94,"?1,062,006,360",?0
21-Feb-20,?44.74,?45.40,?43.26,?43.84,"?1,103,391,330",?0
20-Feb-20,?44.06,?46.34,?42.41,?44.73,"?1,052,445,509",?0
19-Feb-20,?47.09,?49.01,?42.90,?44.05,"?1,503,830,577",?0
18-Feb-20,?45.39,?47.12,?43.77,?47.11,"?1,761,709,214",?0
17-Feb-20,?49.74,?49.90,?43.16,?45.40,"?1,583,524,988",?0
16-Feb-20,?48.82,?55.83,?46.38,?49.72,"?1,991,661,229",?0
15-Feb-20,?57.96,?60.89,?48.27,?48.82,"?2,709,737,824",?0
14-Feb-20,?54.37,?64.42,?50.73,?57.96,"?5,181,254,438",?0
13-Feb-20,?59.32,?62.59,?49.87,?55.36,"?2,726,829,871",?0
12-Feb-20,?57.33,?89.54,?49.39,?59.32,"?11,353,049,024",?0
11-Feb-20,?40.77,?57.35,?38.66,?57.35,"?6,966,291,090",?0
10-Feb-20,?41.33,?43.30,?38.75,?40.77,"?2,013,056,797",?0
09-Feb-20,?42.51,?43.35,?40.98,?41.33,"?1,064,393,056",?0
08-Feb-20,?43.16,?44.03,?41.08,?42.51,"?1,754,552,140",?0
07-Feb-20,?38.85,?44.88,?38.85,?43.66,"?2,491,948,089",?0
06-Feb-20,?41.45,?42.16,?38.37,?38.99,"?2,008,567,072",?0
05-Feb-20,?34.32,?44.18,?34.11,?41.45,"?4,945,665,956",?0
04-Feb-20,?33.46,?34.36,?32.84,?34.32,"?2,170,976,073",?0
03-Feb-20,?32.25,?34.84,?32.01,?33.46,"?1,788,173,385",?0
02-Feb-20,?34.01,?34.37,?32.24,?32.25,"?1,027,681,327",?0
01-Feb-20,?32.55,?34.85,?31.90,?34.01,"?894,209,725",?0
31-Jan-20,?30.02,?34.66,?29.51,?32.56,"?4,234,302,983",?0
30-Jan-20,?28.95,?31.44,?28.53,?30.23,"?1,697,012,446",?0
29-Jan-20,?28.33,?29.99,?28.13,?28.96,"?1,550,642,289",?0
28-Jan-20,?30.31,?30.76,?27.78,?28.32,"?1,653,285,526",?0
27-Jan-20,?28.08,?30.77,?27.60,?30.31,"?1,868,628,542",?0
26-Jan-20,?27.73,?29.88,?27.22,?28.08,"?1,205,006,928",?0
25-Jan-20,?28.18,?28.32,?26.87,?27.73,"?1,237,590,716",?0
24-Jan-20,?27.00,?28.71,?26.18,?28.08,"?1,170,683,186",?0
23-Jan-20,?27.53,?31.90,?25.86,?27.00,"?3,048,783,521",?0
22-Jan-20,?29.61,?30.10,?26.30,?27.53,"?1,053,514,427",?0
21-Jan-20,?29.88,?30.40,?28.95,?29.61,"?1,103,616,422",?0
20-Jan-20,?29.84,?31.37,?29.46,?29.88,"?3,952,556,663",?0
19-Jan-20,?32.39,?32.41,?29.41,?29.84,"?1,704,418,819",?0
18-Jan-20,?31.52,?32.75,?30.46,?32.41,"?1,371,629,404",?0
17-Jan-20,?32.13,?41.99,?29.74,?31.51,"?5,358,967,519",?0
16-Jan-20,?28.00,?33.34,?26.48,?32.13,"?3,039,744,038",?0
15-Jan-20,?30.37,?30.80,?28.02,?28.02,"?2,683,053,486",?0
14-Jan-20,?33.52,?34.99,?29.72,?30.16,"?4,414,392,791",?0
13-Jan-20,?35.30,?35.59,?32.95,?33.53,"?440,400,785",?0
12-Jan-20,?36.39,?36.75,?34.99,?35.32,"?1,180,490,264",?0
11-Jan-20,?35.51,?38.46,?34.70,?36.43,"?2,019,106,541",?0
10-Jan-20,?34.14,?37.97,?34.09,?35.58,"?2,616,450,223",?0
09-Jan-20,?34.34,?37.03,?34.14,?34.22,"?2,071,113,575",?0
08-Jan-20,?35.29,?36.31,?33.52,?34.48,"?2,317,815,494",?0
07-Jan-20,?35.24,?35.83,?34.73,?35.29,"?3,182,145,800",?0
06-Jan-20,?36.23,?36.47,?34.37,?35.24,"?1,835,117,209",?0
05-Jan-20,?35.17,?37.10,?34.94,?36.23,"?1,415,601,101",?0
04-Jan-20,?34.83,?36.03,?34.29,?35.16,"?1,685,462,051",?0
03-Jan-20,?36.49,?36.49,?33.61,?34.83,"?3,802,614,177",?0
02-Jan-20,?34.55,?40.34,?33.98,?36.46,"?912,631,451",?0
01-Jan-20,?35.78,?38.37,?34.23,?35.21,"?2,634,910,302",?0
,,,,,,
,,,,,,
,,,,,,
,,,,,,
,,,,,,
,,,,,,
,,,,,,
,,,,,,
,,,,,,
,,,,,,
,,,,,,
,,,,,,
,,,,,,
,,,,,,
,,,,,,
,,,,,,
,,,,,,
,,,,,,
,,,,,,
,,,,,,
,,,,,,
,,,,,,
,,,,,,
,,,,,,
,,,,,,
,,,,,,
,,,,,,
,,,,,,
,,,,,,
,,,,,,
,,,,,,
,,,,,,
,,,,,,
,,,,,,
,,,,,,
,,,,,,
,,,,,,
,,,,,,
,,,,,,
,,,,,,
,,,,,,
,,,,,,
,,,,,,
,,,,,,
,,,,,,
,,,,,,
,,,,,,
,,,,,,
,,,,,,
,,,,,,
,,,,,,
,,,,,,
,,,,,,
,,,,,,
,,,,,,
,,,,,,
,,,,,,
,,,,,,
,,,,,,
,,,,,,
,,,,,,
,,,,,,
,,,,,,
,,,,,,
,,,,,,
,,,,,,
,,,,,,
,,,,,,
,,,,,,
,,,,,,
,,,,,,
,,,,,,
,,,,,,
,,,,,,
,,,,,,
,,,,,,
,,,,,,
,,,,,,
,,,,,,
,,,,,,
,,,,,,
,,,,,,
,,,,,,
,,,,,,
,,,,,,
,,,,,,
,,,,,,
,,,,,,
,,,,,,
,,,,,,
,,,,,,
,,,,,,
,,,,,,
,,,,,,
,,,,,,
,,,,,,
,,,,,,
,,,,,,
,,,,,,
,,,,,,
,,,,,,
,,,,,,
,,,,,,
,,,,,,
,,,,,,
,,,,,,
,,,,,,
,,,,,,
,,,,,,
,,,,,,
,,,,,,
,,,,,,
,,,,,,
,,,,,,
,,,,,,
,,,,,,
,,,,,,
,,,,,,
,,,,,,
,,,,,,
,,,,,,
,,,,,,
,,,,,,
,,,,,,
,,,,,,
,,,,,,
,,,,,,
,,,,,,
,,,,,,
,,,,,,
,,,,,,
,,,,,,
,,,,,,
,,,,,,
,,,,,,
,,,,,,
,,,,,,
,,,,,,
,,,,,,
,,,,,,
,,,,,,
,,,,,,
,,,,,,
,,,,,,
,,,,,,
,,,,,,
,,,,,,
,,,,,,
,,,,,,
,,,,,,
,,,,,,
,,,,,,
,,,,,,
,,,,,,
,,,,,,
,,,,,,
,,,,,,
,,,,,,
,,,,,,
,,,,,,
,,,,,,
,,,,,,
,,,,,,
,,,,,,
,,,,,,
,,,,,,
,,,,,,
,,,,,,
,,,,,,
,,,,,,
,,,,,,
,,,,,,
,,,,,,
,,,,,,
,,,,,,
,,,,,,
,,,,,,
,,,,,,
,,,,,,
,,,,,,
,,,,,,
,,,,,,
,,,,,,
,,,,,,
,,,,,,
,,,,,,
,,,,,,
,,,,,,
,,,,,,
,,,,,,
,,,,,,
,,,,,,
,,,,,,
,,,,,,
,,,,,,
,,,,,,
,,,,,,
,,,,,,
,,,,,,
,,,,,,
,,,,,,
,,,,,,
,,,,,,
,,,,,,
,,,,,,
,,,,,,
,,,,,,
,,,,,,
,,,,,,
,,,,,,
,,,,,,
,,,,,,
,,,,,,
,,,,,,
,,,,,,
,,,,,,
,,,,,,
,,,,,,
,,,,,,
,,,,,,
,,,,,,
,,,,,,
,,,,,,
,,,,,,
,,,,,,
,,,,,,
,,,,,,
,,,,,,
,,,,,,
,,,,,,
,,,,,,
,,,,,,
,,,,,,
,,,,,,
,,,,,,
,,,,,,
,,,,,,
,,,,,,
,,,,,,
,,,,,,
,,,,,,
,,,,,,
,,,,,,
,,,,,,
,,,,,,
,,,,,,
,,,,,,
,,,,,,
,,,,,,
,,,,,,
,,,,,,
,,,,,,
,,,,,,
,,,,,,
,,,,,,
,,,,,,
,,,,,,
,,,,,,
,,,,,,
,,,,,,
,,,,,,
,,,,,,
,,,,,,
,,,,,,
,,,,,,
,,,,,,
,,,,,,
,,,,,,
,,,,,,
,,,,,,
,,,,,,
,,,,,,
,,,,,,
,,,,,,
,,,,,,
,,,,,,
,,,,,,
,,,,,,
,,,,,,
,,,,,,
,,,,,,
,,,,,,
,,,,,,
,,,,,,
,,,,,,
,,,,,,
,,,,,,
,,,,,,
,,,,,,
,,,,,,
,,,,,,
,,,,,,
,,,,,,
,,,,,,
,,,,,,
,,,,,,
,,,,,,
,,,,,,
,,,,,,
,,,,,,
,,,,,,
,,,,,,
,,,,,,
,,,,,,
,,,,,,
,,,,,,
,,,,,,
,,,,,,
,,,,,,
,,,,,,
,,,,,,
,,,,,,
,,,,,,
,,,,,,
,,,,,,
,,,,,,
,,,,,,
,,,,,,
,,,,,,
,,,,,,
,,,,,,
,,,,,,
,,,,,,
,,,,,,
,,,,,,
,,,,,,
,,,,,,
,,,,,,
,,,,,,
,,,,,,
,,,,,,
,,,,,,
,,,,,,
,,,,,,
,,,,,,
,,,,,,
,,,,,,
,,,,,,
,,,,,,
,,,,,,
,,,,,,
,,,,,,
,,,,,,
,,,,,,
,,,,,,
,,,,,,
,,,,,,
,,,,,,
,,,,,,
,,,,,,
,,,,,,
,,,,,,
,,,,,,
,,,,,,
,,,,,,
,,,,,,
,,,,,,
,,,,,,
,,,,,,
,,,,,,
,,,,,,
,,,,,,
,,,,,,
,,,,,,
,,,,,,
